geneP,locus_tag,locus_tag2,gene1,gene3,gene4,gene5
cmpA,BSU04785,,,,,
sscB,BSU09959,,,,,
mciZ,BSU23616,,,,,
dnaA,BSU00010,,dnaH,,,
dnaN,BSU00020,,dnaG,,,
rlbA,BSU00030,,yaaA,,,
recF,BSU00040,,,,,
remB,BSU00050,,yaaB,,,
gyrB,BSU00060,,novA,,,
gyrA,BSU00070,,cafB,nalA,,
yaaC,BSU00080,,,,,
guaB,BSU00090,,gnaB,,,
dacA,BSU00100,,,,,
pdxS,BSU00110,,yaaD,,,
pdxT,BSU00120,,yaaE,,,
serS,BSU00130,,,,,
dck,BSU00140,,dak,yaaF,,
dgk,BSU00150,,yaaG,,,
sleL,BSU00160,,yaaH,,,
yaaI,BSU00170,,,,,
tadA,BSU00180,,yaaJ,,,
dnaX,BSU00190,,dnaH,,,
yaaK,BSU00200,,,,,
recR,BSU00210,,recD,recM,,
yaaL,BSU00220,,,,,
bofA,BSU00230,,,,,
csfB,BSU00240,,gin,yaaM,,
xpaC,BSU00250,,,,,
yaaN,BSU00260,,,,,
yaaO,BSU00270,,,,,
tmk,BSU00280,,yaaP,,,
darA,BSU00290,,yaaQ,,,
yaaR,BSU00300,,,,,
holB,BSU00310,,yaaS,,,
yaaT,BSU00320,,,,,
yabA,BSU00330,,,,,
yabB,BSU00340,,,,,
yazA,BSU00350,,,,,
rsmI,BSU00360,,yabC,,,
abrB,BSU00370,,cpsX,,,
metG,BSU00380,,metS,,,
yabD,BSU00390,,,,,
yabE,BSU00400,,,,,
rnmV,BSU00410,,yabF,,,
rsmA,BSU00420,,ksgA,,,
yabG,BSU00430,,,,,
veg,BSU00440,,,,,
sspF,BSU00450,,,,,
ispE,BSU00460,,ipk,yabH,,
purR,BSU00470,,yabI,,,
yabJ,BSU00480,,,,,
spoVG,BSU00490,,,,,
glmU,BSU00500,,gcaD,tms,tms-26,
prs,BSU00510,,,,,
ctc,BSU00520,,,,,
spoVC,BSU00530,,pth,,,
fin,BSU00540,,subA,yabK,,
mfd,BSU00550,,,,,
spoVT,BSU00560,,yabL,,,
yabM,BSU00570,,,,,
yabN,BSU00580,,,,,
yabO,BSU00590,,,,,
yabP,BSU00600,,,,,
yabQ,BSU00610,,,,,
divIC,BSU00620,,divA,,,
yabR,BSU00630,,,,,
spoIIE,BSU00640,,spoIIH,,,
yabS,BSU00650,,,,,
yabT,BSU00660,,,,,
tilS,BSU00670,,yacA,,,
hprT,BSU00680,,hpt,,,
ftsH,BSU00690,,,,,
coaX,BSU00700,,coaA,yacB,,
hslO,BSU00710,,yacC,,,
yacD,BSU00720,,,,,
cysK,BSU00730,,,,,
pabB,BSU00740,,pab,,,
pabA,BSU00750,,trpG,,,
pabC,BSU00760,,,,,
sul,BSU00770,,,,,
folB,BSU00780,,folA,yacE,,
folK,BSU00790,,,,,
yazB,BSU00800,,,,,
dus1,BSU00810,,yacF,,,
lysS,BSU00820,,,,,
ctsR,BSU00830,,yacG,,,
mcsA,BSU00840,,yacH,,,
mcsB,BSU00850,,yacI,,,
clpC,BSU00860,,mecB,,,
radA,BSU00870,,orf5,sms,yacJ,
disA,BSU00880,,comY,orf6,yacK,
yacL,BSU00890,,,,,
ispD,BSU00900,,yacM,,,
ispF,BSU00910,,yacN,,,
gltX,BSU00920,,,,,
cysE,BSU00930,,cysA,,,
cysS,BSU00940,,spnA,,,
mrnC,BSU00950,,yazC,,,
yacO,BSU00960,,,,,
yacP,BSU00970,,,,,
sigH,BSU00980,,spo0H,,,
rpmGB,BSU00990,,rpmG,rpmG2,,
secE,BSU01000,,,,,
nusG,BSU01010,,,,,
rplK,BSU01020,,relC,tsp6,,
rplA,BSU01030,,,,,
rplJ,BSU01040,,,,,
rplL,BSU01050,,,,,
ybxB,BSU01060,,ybaA,,,
rpoB,BSU01070,,crsE,rfm,,
rpoC,BSU01080,,lpm,std,,
rplGB,BSU01090,,ybaB,ybxF,,
rpsL,BSU01100,,fun,strA,,
rpsG,BSU01110,,,,,
fusA,BSU01120,,fus,,,
tuf,BSU01130,,tufA,,,
ybaC,BSU01140,,,,,
rpsJ,BSU01150,,tetA,,,
rplC,BSU01160,,,,,
rplD,BSU01170,,,,,
rplW,BSU01180,,,,,
rplB,BSU01190,,,,,
rpsS,BSU01200,,,,,
rplV,BSU01210,,,,,
rpsC,BSU01220,,,,,
rplP,BSU01230,,,,,
rpmC,BSU01240,,,,,
rpsQ,BSU01250,,,,,
rplN,BSU01260,,,,,
rplX,BSU01270,,,,,
rplE,BSU01280,,,,,
rpsN1,BSU01290,,rpsN,rpsNA,rpsZ,
rpsH,BSU01300,,,,,
rplF,BSU01310,,,,,
rplR,BSU01320,,,,,
rpsE,BSU01330,,spcA,,,
rpmD,BSU01340,,,,,
rplO,BSU01350,,,,,
secY,BSU01360,,,,,
adk,BSU01370,,,,,
map,BSU01380,,,,,
ybzG,BSU01389,,,,,
infA,BSU01390,,,,,
rpmJ,BSU01400,,,,,
rpsM,BSU01410,,,,,
rpsK,BSU01420,,,,,
rpoA,BSU01430,,,,,
rplQ,BSU01440,,,,,
ecfA,BSU01450,,cbiO1,ybaD,,ybxA
ecfAB,BSU01460,,cbiO2,ecfA,,ybaE
ecfT,BSU01470,,ybaF,,,
truA,BSU01480,,ybaH,,,
rplM,BSU01490,,,,,
rpsI,BSU01500,,,,,
ybaJ,BSU01510,,,,,
ybaK,BSU01520,,ybxH,,,
cwlD,BSU01530,,,,,
salA,BSU01540,,mrp,rec233,ybaL,ybxI
gerD,BSU01550,,,,,
kbaA,BSU01560,,ybaM,ybxC,,
pdaB,BSU01570,,ybaN,ybxG,,
ybaR,BSU01580,,,,,
ybaS,BSU01590,,,,,
ybbA,BSU01600,,,,,
feuC,BSU01610,,,,,
feuB,BSU01620,,,,,
feuA,BSU01630,,,,,
btr,BSU01640,,ybbB,yzbC,,
ybbC,BSU01650,,yzbB,,,
nagZ,BSU01660,,ybbD,yzbA,,
amiE,BSU01670,,ybbE,,,
ybbF,BSU01680,,,,,
ybbH,BSU01690,,,,,
murQ,BSU01700,,ybbI,,,
ybbJ,BSU01710,,,,,
ybbK,BSU01720,,,,,
sigW,BSU01730,,ybbL,,,
rsiW,BSU01740,,ybbM,,,
cdaA,BSU01750,,ybbP,,,
cdaR,BSU01760,,ybbR,,,
glmM,BSU01770,,ybbT,,,
glmS,BSU01780,,gcaA,ybxD,,
alkA,BSU01800,,,,,
adaA,BSU01810,,,,,
adaB,BSU01820,,,,,
ndhF,BSU01830,,ybxE,,,
ybcC,BSU01845,,,,,
ybcF,BSU01860,,,,,
ybcH,BSU01870,,,,,
ybcI,BSU01880,,,,,
ybzH,BSU01889,,,,,
ybcL,BSU01890,,,,,
ybcM,BSU01900,,,,,
skfA,BSU01910,,ybcO,,,
skfB,BSU01920,,ybcP,ybcQ,,
skfC,BSU01935,,skfD,ybcS,ybcT,
skfE,BSU01950,,ybdA,,,
skfF,BSU01960,,ybdB,,,
skfG,BSU01970,,ybdD,,,
skfH,BSU01980,,ybdE,,,
ybdG,BSU01990,,ybdH,,,
ybdJ,BSU02000,,,,,
ybdK,BSU02010,,,,,
ybzI,BSU02019,,,,,
ybdM,BSU02030,,,,,
ybdN,BSU02040,,,,,
ybdO,BSU02050,,,,,
ybxG,BSU02060,,ybdP,,,
csgA,BSU02070,,,,,
ybxH,BSU02080,,,,,
ybxI,BSU02090,,ybdS,,,
cypC,BSU02100,,CYP152A1,,,
ybyB,BSU02110,,,,,
ybeC,BSU02120,,,,,
glpQ,BSU02130,,ybeD,,,
glpT,BSU02140,,ybeE,,,
ybeF,BSU02150,,,,,
ybfA,BSU02160,,,,,
ybfB,BSU02170,,,,,
ybfE,BSU02180,,,,,
ybfF,BSU02190,,,,,
ybfG,BSU02200,,,,,
ybfH,BSU02210,,,,,
ybfI,BSU02220,,,,,
purT,BSU02230,,,,,
mpr,BSU02240,,,,,
ybfJ,BSU02250,,,,,
ybfK,BSU02260,,,,,
pssA,BSU02270,,pss,,,
ybfM,BSU02280,,,,,
psd,BSU02290,,,,,
ybfN,BSU02300,,,,,
ybfO,BSU02310,,,,,
ybfP,BSU02320,,,,,
trhO,BSU02330,,ybfQ,,,
gltP,BSU02340,,,,,
gamP,BSU02350,,ybfS,yzfA,,
gamA,BSU02360,,ybfT,,,
gamR,BSU02370,,ybgA,,,
ybgB,BSU02380,,,,,
ilvE,BSU02390,,ybgE,,,
ybgF,BSU02400,,,,,
ybgG,BSU02410,,,,,
glnT,BSU02420,,ybgH,,,
glsA1,BSU02430,,glsA,ybgJ,,
glnK,BSU02440,,nrgB,ycbA,yzgA,
glnL,BSU02450,,ycbB,yzgB,,
ycbC,BSU02460,,,,,
gucD,BSU02470,,ycbD,,,
gudP,BSU02480,,ycbE,,,
gudD,BSU02490,,ycbF,,,
ycbG,BSU02500,,,,,
garD,BSU02510,,ycbH,,,
ycbJ,BSU02520,,,,,
rtpA,BSU02530,,yczA,,,
ycbK,BSU02540,,,,,
ycbL,BSU02550,,,,,
ycbM,BSU02560,,,,,
ycbN,BSU02570,,,,,
ycbO,BSU02580,,,,,
ycbP,BSU02590,,,,,
cwlJ,BSU02600,,ycbQ,,,
ycbR,BSU02610,,,,,
yczK,BSU02619,,,,,
phoD,BSU02620,,ycbS,,,
tatAd,BSU02630,,yczB,,,
tatC1,BSU02640,,tatCd,ycbT,,
pcp,BSU02650,,,,,
ycbU,BSU02660,,,,,
lmrB,BSU02670,,yccA,,,
lmrA,BSU02680,,yccB,,,
ansZ,BSU02690,,yccC,,,
estA,BSU02700,,lip,lipA,,
yczC,BSU02710,,,,,
yccF,BSU02720,,,,,
natK,BSU02730,,yccG,,,
natR,BSU02740,,yccH,,,
natA,BSU02750,,,,,
natB,BSU02760,,,,,
yccK,BSU02770,,yzaE,,,
ycdA,BSU02780,,,,,
ycdB,BSU02790,,,,,
ycdC,BSU02800,,,,,
cwlK,BSU02810,,ycdD,,,
rapJ,BSU02820,,ycdE,,,
ycdF,BSU02830,,,,,
ycdG,BSU02840,,,,,
znuA,BSU02850,,adcA,ycdH,,
znuC,BSU02860,,adcC,ycdI,,
znuB,BSU02870,,adcB,yceA,,
yceB,BSU02880,,,,,
yceC,BSU02890,,,,,
yceD,BSU02900,,,,,
yceE,BSU02910,,,,,
yceF,BSU02920,,,,,
yceG,BSU02930,,,,,
yceH,BSU02940,,,,,
naiP,BSU02950,,yceI,,,
yceJ,BSU02960,,,,,
yceK,BSU02970,,,,,
opuAA,BSU02980,,,,,
opuAB,BSU02990,,,,,
opuAC,BSU03000,,,,,
amhX,BSU03010,,,,,
ycgA,BSU03020,,,,,
ycgB,BSU03030,,,,,
amyE,BSU03040,,amyA,,,
ldh,BSU03050,,lctE,,,
lctP,BSU03060,,ycgC,,,
bmr3,BSU03070,,mdr,,,
ycgE,BSU03080,,,,,
ycgF,BSU03090,,,,,
ycgG,BSU03100,,,,,
ycgH,BSU03110,,,,,
ycgI,BSU03120,,,,,
nadE,BSU03130,,outB,,,
tmrB,BSU03140,,,,,
aroK,BSU03150,,aroI,,,
ycgJ,BSU03160,,,,,
ycgK,BSU03170,,,,,
cah,BSU03180,,,,,
ycgL,BSU03190,,,,,
putB,BSU03200,,ycgM,,,
putC,BSU03210,,ycgN,,,
putP,BSU03220,,ycgO,,,
putR,BSU03230,,prcR,ycgP,,
ycgQ,BSU03240,,,,,
ycgR,BSU03250,,,,,
ycgS,BSU03260,,,,,
ycgT,BSU03270,,,,,
nasF,BSU03280,,nasBE,,,
nasE,BSU03290,,nasBD,nirD,,
nasD,BSU03300,,nasBC,nirB,,
nasC,BSU03310,,narB,nasBB,,
nasB,BSU03320,,nasBA,,,
nasA,BSU03330,,,,,
folE2,BSU03340,,yciA,,,
yciB,BSU03350,,,,,
yczL,BSU03359,,,,,
yciC,BSU03360,,,,,
yckA,BSU03370,,,,,
yckB,BSU03380,,,,,
yckC,BSU03390,,,,,
yckD,BSU03400,,,,,
bglC,BSU03410,,yckE,,,
nin,BSU03420,,comJ,,,
nucA,BSU03430,,comI,,,
tlpC,BSU03440,,,,,
hxlB,BSU03450,,yckF,,,
hxlA,BSU03460,,yckG,,,
hxlR,BSU03470,,,,,
srfAA,BSU03480,,srfA,srfA1,,
srfAB,BSU03490,,comL,srfA2,,
comS,BSU03500,,,,,
srfAC,BSU03510,,srfA3,,,
srfAD,BSU03520,,srfA4,,,
ycxA,BSU03530,,,,,
ycxB,BSU03540,,,,,
ycxC,BSU03550,,,,,
ycxD,BSU03560,,,,,
sfp,BSU03570,,lpa-8,,,
yczE,BSU03580,,,,,
tcyC,BSU03590,,yckI,,,
tcyB,BSU03600,,yckJ,,,
tcyA,BSU03610,,yckK,,,
bsdA,BSU03620,,yclA,,,
bsdB,BSU03630,,ubiX,yclB,,
bsdC,BSU03640,,ubiD,yclC,,
bsdD,BSU03651,,,,,
yclD,BSU03652,,,,,
yclE,BSU03660,,,,,
yclF,BSU03670,,,,,
yclG,BSU03680,,,,,
yczF,BSU03690,,,,,
gerKA,BSU03700,,,,,
gerKC,BSU03710,,,,,
gerKB,BSU03720,,,,,
yclH,BSU03730,,,,,
yclI,BSU03740,,,,,
yclJ,BSU03750,,,,,
yclK,BSU03760,,,,,
rapC,BSU03770,,yclL,,,
phrC,BSU03780,,hprC,,,
yczM,BSU03788,,,,,
yczN,BSU03789,,,,,
yclM,BSU03790,,,,,
yclN,BSU03800,,,,,
yclO,BSU03810,,,,,
yclP,BSU03820,,,,,
yclQ,BSU03830,,,,,
ycnB,BSU03840,,,,,
ycnC,BSU03850,,,,,
nfrA2,BSU03860,,ycnD,,,
ycnE,BSU03870,,,,,
yczG,BSU03880,,,,,
gabR,BSU03890,,ycnF,,,
gabT,BSU03900,,ycnG,,,
gabD,BSU03910,,ycnH,,,
glcU,BSU03920,,ycxE,,,
gdh,BSU03930,,,,,
ycnI,BSU03940,,,,,
ycnJ,BSU03950,,,,,
ycnK,BSU03960,,,,,
ycnL,BSU03970,,,,,
mtlA,BSU03981,,,,,
mtlF,BSU03982,,,,,
mtlD,BSU03990,,mtlB,,,
ycsA,BSU04000,,,,,
sipU,BSU04010,,ycsB,,,
yczH,BSU04020,,,,,
ycsD,BSU04030,,,,,
yczO,BSU04039,,,,,
ycsE,BSU04040,,,,,
pxpA,BSU04050,,ycsF,,,
ycsG,BSU04060,,ycsH,,,
ycsI,BSU04070,,,,,
pxpB,BSU04080,,kipI,ycsJ,,
pxpC,BSU04090,,kipA,,,
kipR,BSU04100,,ycsO,,,
lipC,BSU04110,,ycsK,,,
yczI,BSU04120,,,,,
yczJ,BSU04130,,,,,
pbpC,BSU04140,,ycsM,yzsA,,
ycsN,BSU04150,,,,,
mtlR,BSU04160,,ydaA,,,
ydaB,BSU04170,,,,,
ydaC,BSU04180,,,,,
ydaD,BSU04190,,,,,
ydaE,BSU04200,,,,,
ydaF,BSU04210,,,,,
ydaG,BSU04220,,yzzA,,,
amj,BSU04230,,ydaH,,,
ydzA,BSU04240,,,,,
lrpC,BSU04250,,ydaI,,,
topB,BSU04260,,,,,
ydaJ,BSU04270,,,,,
ydaK,BSU04280,,,,,
ydaL,BSU04290,,,,,
ydaM,BSU04300,,,,,
ydaN,BSU04310,,,,,
kimA,BSU04320,,ydaO,,,
mutT,BSU04330,,,,,
ydaP,BSU04340,,,,,
ydzK,BSU04359,,,,,
mntH,BSU04360,,ydaR,,,
ydaS,BSU04370,,,,,
ydaT,BSU04380,,,,,
ydbA,BSU04390,,,,,
gsiB,BSU04400,,,,,
ydbB,BSU04410,,,,,
ydbC,BSU04420,,,,,
ydbD,BSU04430,,,,,
dctB,BSU04440,,ydbE,,,
dctS,BSU04450,,ydbF,,,
dctR,BSU04460,,ydbG,,,
dctA,BSU04470,,dctP,ydbH,,
ydbI,BSU04480,,,,,
ydbJ,BSU04490,,,,,
ydbK,BSU04500,,,,,
ydbL,BSU04510,,,,,
ydbM,BSU04520,,,,,
ydbN,BSU04530,,,,,
ydbO,BSU04540,,,,,
ydbP,BSU04550,,,,,
ddl,BSU04560,,ddlA,,,
murF,BSU04570,,ydbQ,,,
cshA,BSU04580,,ydbR,,,
ydbS,BSU04590,,,,,
ydbT,BSU04600,,,,,
ydcA,BSU04610,,,,,
acpS,BSU04620,,ydcB,,,
ydcC,BSU04630,,,,,
alr1,BSU04640,,alr,dal,,
ndoAI,BSU04650,,mazE,,,
ndoA,BSU04660,,mazF,ydcE,,
rsbRA,BSU04670,,rsbR,ycxR,,
rsbS,BSU04680,,ycxS,,,
rsbT,BSU04690,,ycxT,,,
rsbU,BSU04700,,,,,
rsbV,BSU04710,,,,,
rsbW,BSU04720,,,,,
sigB,BSU04730,,rpoF,,,
rsbX,BSU04740,,,,,
ydcF,BSU04750,,,,,
ydcG,BSU04760,,,,,
ydcH,BSU04770,,,,,
ydcI,BSU04780,,ydcJ,,,
ydcK,BSU04790,,,,,
int,BSU04800,,ydcL,,,
immA,BSU04810,,ydcM,,,
immR,BSU04820,,ydcN,,,
xis,BSU04830,,sacV,,,
ydzL,BSU04839,,,,,
ydcO,BSU04840,,,,,
ydcP,BSU04850,,,,,
ydcQ,BSU04860,,,,,
nicK,BSU04870,,ydcR,,,
ydcS,BSU04880,,,,,
ydcT,BSU04890,,,,,
yddA,BSU04900,,,,,
yddB,BSU04910,,,,,
yddC,BSU04920,,,,,
yddD,BSU04930,,,,,
yddE,BSU04940,,,,,
yddF,BSU04950,,,,,
yddG,BSU04960,,,,,
yddH,BSU04970,,,,,
yddI,BSU04980,,,,,
yddJ,BSU04990,,,,,
yddK,BSU05000,,,,,
rapI,BSU05010,,yddL,,,
phrI,BSU05020,,,,,
yddM,BSU05030,,,,,
yddN,BSU05040,,,,,
lrpA,BSU05050,,yddO,,,
lrpB,BSU05060,,yddP,,,
yddQ,BSU05070,,,,,
yddR,BSU05080,,,,,
yddS,BSU05090,,,,,
ydzM,BSU05099,BSU21329,youB,,,
yddT,BSU05100,,,,,
ydzN,BSU05109,,,,,
ydeA,BSU05110,,,,,
cspC,BSU05120,,,,,
ydeB,BSU05130,,,,,
ydzE,BSU05140,,,,,
ydeC,BSU05150,,,,,
ydeD,BSU05160,,,,,
ydeE,BSU05170,,,,,
ydeF,BSU05180,,,,,
ydeG,BSU05190,,,,,
ydeH,BSU05200,,,,,
ydeI,BSU05210,,,,,
ydeJ,BSU05220,,,,,
ydeK,BSU05230,,,,,
ydeL,BSU05240,,,,,
ydeM,BSU05250,,,,,
ydeN,BSU05260,,,,,
ydzF,BSU05270,,,,,
ydeO,BSU05280,,,,,
ydeP,BSU05290,,,,,
ydeQ,BSU05300,,,,,
ydeR,BSU05310,,,,,
ydeS,BSU05320,,,,,
ydzO,BSU05329,,,,,
aseR,BSU05330,,ydeT,,,
ydfA,BSU05340,,,,,
ydfB,BSU05350,,,,,
ydfC,BSU05360,,,,,
ydfD,BSU05370,,,,,
ydfE,BSU05380,,,,,
ydfF,BSU05390,,,,,
ydfG,BSU05400,,,,,
ydzP,BSU05408,,,,,
ydzQ,BSU05409,,,,,
ydfH,BSU05410,,,,,
ydfI,BSU05420,,,,,
ydfJ,BSU05430,,,,,
nap,BSU05440,,,,,
ydfK,BSU05450,,,,,
ydfL,BSU05460,,,,,
mneP,BSU05470,,ydfM,,,
mhqN,BSU05480,,ydfN,,,
mhqO,BSU05490,,ydfO,,,
mhqP,BSU05500,,ydfP,,,
ydfQ,BSU05510,,,,,
ydzH,BSU05520,,,,,
ydzR,BSU05529,,,,,
ydfR,BSU05530,,,,,
ydfS,BSU05540,,,,,
cotP,BSU05550,,ydfT,,,
ydgA,BSU05560,,,,,
ydgB,BSU05570,,,,,
ydgC,BSU05580,,,,,
ydgD,BSU05590,,,,,
ydgE,BSU05600,,,,,
vmlR,BSU05610,,expZ,,,
ydgF,BSU05620,,,,,
dinB,BSU05630,,,,,
ydgG,BSU05640,,,,,
ydgH,BSU05650,,,,,
ydgI,BSU05660,,,,,
ydgJ,BSU05670,,,,,
ydgK,BSU05680,,,,,
ydhB,BSU05690,,,,,
ydhC,BSU05700,,,,,
ydhD,BSU05710,,,,,
ydhE,BSU05720,,,,,
ydhF,BSU05730,,,,,
phoB,BSU05740,,phoAIII,,,
fra,BSU05750,,ydhG,,,
ydhH,BSU05760,,,,,
ydhI,BSU05770,,,,,
ydhJ,BSU05780,,,,,
ydhK,BSU05790,,,,,
pbuE,BSU05800,,ydhL,,,
gmuB,BSU05810,,ydhM,,,
gmuA,BSU05820,,ydhN,,,
gmuC,BSU05830,,ydhO,,,
gmuD,BSU05840,,bglD,ydhP,,
gmuR,BSU05850,,ydhQ,,,
gmuE,BSU05860,,ydhR,,,
gmuF,BSU05870,,ydhS,,,
gmuG,BSU05880,,ydhT,,,
thiL,BSU05900,,ydiA,ydxA,,
tsaE,BSU05910,,ydiB,,,
tsaB,BSU05920,,ydiC,,,
rimI,BSU05930,,ydiD,,,
tsaD,BSU05940,,gcp,ydiE,,
ydiF,BSU05950,,,,,
moaC,BSU05960,,ydiG,,,
rex,BSU05970,,ydiH,,,
tatAy,BSU05980,,ydiI,,,
tatC2,BSU05990,,tatCy,ydiJ,,
ydiK,BSU06000,,,,,
ydiL,BSU06010,,,,,
groS,BSU06020,,groES,mopB,,
groL,BSU06030,,groEL,mopA,,
ydiM,BSU06040,,,,,
ydzU,BSU06048,,,,,
ydiN,BSU06050,,,,,
ydiO,BSU06060,,,,,
ydiP,BSU06070,,,,,
ydiR,BSU06090,,,,,
ydiS,BSU06100,,,,,
ydjA,BSU06110,,,,,
ydjB,BSU06120,,,,,
ydjC,BSU06130,,,,,
gutR,BSU06140,,,,,
gutB,BSU06150,,,,,
gutA,BSU06160,,ydjD,,,
ydjE,BSU06170,,fruC,,,
ydjF,BSU06180,,,,,
ydjG,BSU06190,,,,,
ydjH,BSU06200,,,,,
ydjI,BSU06210,,,,,
ydjJ,BSU06220,,,,,
iolT,BSU06230,,ydjK,,,
bdhA,BSU06240,,ydjL,,,
ydjM,BSU06250,,yzvA,,,
ydjN,BSU06260,,,,,
ydzJ,BSU06269,,,,,
ydjO,BSU06270,,,,,
ydjP,BSU06280,,,,,
yeaA,BSU06290,,ydjQ,,,
cotA,BSU06300,,pig,,,
gabP,BSU06310,,,,,
ydzX,BSU06319,,,,,
mneS,BSU06320,,ydxT,yeaB,,
yeaC,BSU06330,,,,,
yeaD,BSU06340,,,,,
yebA,BSU06350,,,,,
guaA,BSU06360,,,,,
pbuG,BSU06370,,yebB,,,
yebC,BSU06380,,,,,
yebD,BSU06390,,,,,
yebE,BSU06400,,yebF,,,
yebG,BSU06410,,,,,
purE,BSU06420,,,,,
purK,BSU06430,,,,,
purB,BSU06440,,purE,,,
purC,BSU06450,,,,,
purS,BSU06460,,yexA,,,
purQ,BSU06470,,,,,
purL,BSU06480,,,,,
purF,BSU06490,,,,,
purM,BSU06500,,ath,,,
purN,BSU06510,,,,,
purH,BSU06520,,purHJ,,,
purD,BSU06530,,,,,
yezC,BSU06540,,,,,
yecA,BSU06550,,,,,
yezF,BSU06559,,,,,
yerA,BSU06560,,yecB,,,
yerB,BSU06570,,yecC,,,
yerC,BSU06580,,yecD,,,
yerD,BSU06590,,yecE,,,
pcrB,BSU06600,,yerE,,,
pcrA,BSU06610,,yerF,,,
ligA,BSU06620,,lig,yerG,,
yerH,BSU06630,,,,,
yerI,BSU06640,,,,,
sapB,BSU06650,,,,,
opuE,BSU06660,,yerK,,,
gatC,BSU06670,,yedA,yerL,,
gatA,BSU06680,,yedB,yerM,,
gatB,BSU06690,,yerN,,,
yerO,BSU06700,,,,,
swrC,BSU06710,,,,,
dagK,BSU06720,,dgkB,yerQ,,
rlmCD,BSU06730,,yefA,yerS,,
yefB,BSU06740,,,,,
yefC,BSU06750,,,,,
yeeA,BSU06760,,,,,
yeeB,BSU06770,,,,,
yeeC,BSU06780,,,,,
yeeD,BSU06790,,,,,
yezA,BSU06800,,,,,
yeeF,BSU06810,,,,,
yezG,BSU06811,,yeeE,,,
yeeG,BSU06820,,,,,
rapH,BSU06830,,yeeH,yzqA,,
phrH,BSU06839,,,,,
yeeI,BSU06840,,,,,
yeeK,BSU06850,,,,,
yezE,BSU06860,,,,,
yesE,BSU06870,,yeeL,,,
yesF,BSU06880,,yeeM,yfxB,,
cotJA,BSU06890,,,,,
cotJB,BSU06900,,,,,
cotJC,BSU06910,,,,,
yesJ,BSU06920,,yeeN,yfxC,yfxD,
yesK,BSU06930,,,,,
yesL,BSU06940,,,,,
yesM,BSU06950,,,,,
yesN,BSU06960,,,,,
yesO,BSU06970,,,,,
yesP,BSU06980,,,,,
yesQ,BSU06990,,,,,
yesR,BSU07000,,,,,
yesS,BSU07010,,,,,
rhgT,BSU07020,,yesT,,,
yesU,BSU07030,,,,,
yesV,BSU07040,,,,,
yesW,BSU07050,,,,,
yesX,BSU07060,,,,,
yesY,BSU07070,,,,,
yesZ,BSU07080,,,,,
yetA,BSU07090,,,,,
lipO,BSU07100,,lplA,,,
lplB,BSU07110,,,,,
lplC,BSU07120,,,,,
lplD,BSU07130,,,,,
yetF,BSU07140,,,,,
hmoA,BSU07150,,yetG,,,
yetH,BSU07160,,,,,
yezB,BSU07180,,yetI,,,
yezD,BSU07190,,,,,
yetJ,BSU07200,,,,,
yetK,BSU07210,,,,,
yetL,BSU07220,,,,,
yetM,BSU07230,,yfnL,,,
yetN,BSU07240,,,,,
cypD,BSU07250,,cyp102A2,yetO,yfnJ,
ltaS1,BSU07260,,yfnI,,,
yfnH,BSU07270,,,,,
yfnG,BSU07280,,,,,
yfnF,BSU07290,,,,,
yfnE,BSU07300,,,,,
yfnD,BSU07310,,,,,
yfnC,BSU07320,,,,,
yfnB,BSU07330,,,,,
mtrA,BSU07340,,yfnA,,,
yfmT,BSU07350,,,,,
yfmS,BSU07360,,,,,
yfmR,BSU07370,,,,,
yfmQ,BSU07380,,,,,
yfmP,BSU07390,,,,,
yfmO,BSU07400,,,,,
yfmN,BSU07410,,,,,
yfmM,BSU07420,,,,,
yfmL,BSU07430,,,,,
yfmK,BSU07440,,,,,
yfmJ,BSU07450,,,,,
yfmI,BSU07460,,,,,
yfmG,BSU07480,,,,,
yfmF,BSU07490,,,,,
yfmE,BSU07500,,,,,
yfmD,BSU07510,,,,,
yfmC,BSU07520,,,,,
yfmB,BSU07530,,,,,
yflT,BSU07550,,,,,
pel,BSU07560,,,,,
yflS,BSU07570,,,,,
citS,BSU07580,,yflR,,,
citT,BSU07590,,yflQ,,,
yflP,BSU07600,,,,,
citM,BSU07610,,yflO,,,
yflN,BSU07620,,,,,
nos,BSU07630,,yflM,,,
acyP,BSU07640,,AcP,yflL,,
yflK,BSU07650,,,,,
yflJ,BSU07660,,,,,
yflI,BSU07670,,,,,
yflH,BSU07680,,,,,
mapB,BSU07690,,yflG,,,
nagP,BSU07700,,,,,
ltaS2,BSU07710,,yflE,,,
yflD,BSU07720,,,,,
yflB,BSU07740,,,,,
yflA,BSU07750,,,,,
yfkT,BSU07760,,,,,
yfkS,BSU07770,,,,,
yfkR,BSU07780,,,,,
yfkQ,BSU07790,,,,,
treP,BSU07800,,treB,,,
treA,BSU07810,,treC,,,
treR,BSU07820,,yfxA,,,
yfkO,BSU07830,,,,,
yfkN,BSU07840,,,,,
yfkM,BSU07850,,,,,
yfkL,BSU07860,,,,,
yfkK,BSU07870,,,,,
yfkJ,BSU07880,,,,,
yfkI,BSU07890,,,,,
yfkH,BSU07900,,,,,
yfkF,BSU07910,,,,,
chaA,BSU07920,,yfkE,,,
yfkD,BSU07930,,,,,
yfkC,BSU07940,,,,,
yfkA,BSU07955,,ykfB,,,
yfjT,BSU07970,,,,,
pdaA,BSU07980,,yfjS,,,
yfjR,BSU07990,,,,,
yfjQ,BSU08000,,,,,
yfjP,BSU08010,,,,,
yfjO,BSU08020,,,,,
yfzA,BSU08029,,,,,
dus2,BSU08030,,yfjN,,,
yfjM,BSU08040,,,,,
yfjL,BSU08050,,yztA,,,
acoA,BSU08060,,yfjK,,,
acoB,BSU08070,,yfjJ,,,
acoC,BSU08080,,yfjI,,,
acoL,BSU08090,,yfjH,,,
acoR,BSU08100,,yfjG,yzcB,,
sspH,BSU08110,,yfjU,,,
yfjF,BSU08120,,,,,
yfjE,BSU08130,,,,,
yfjD,BSU08140,,,,,
yfjC,BSU08150,,,,,
yfjB,BSU08160,,,,,
yfjA,BSU08170,,,,,
glvA,BSU08180,,glv-1,glvG,malA,
glvR,BSU08190,,yfiA,,,
malP,BSU08200,,glv-2,glvC,glvCB,yfiB
yfiB,BSU08210,,,,,
yfiC,BSU08220,,,,,
catD,BSU08230,,yfiD,,,
catE,BSU08240,,yfiE,,,
yfiF,BSU08250,,,,,
yfiG,BSU08260,,,,,
yfiH,BSU08270,,,,,
yfiI,BSU08280,,,,,
lnrJ,BSU08290,,linJ,yfiJ,,
lnrK,BSU08300,,linK,yfiK,,
lnrL,BSU08310,,bifL,yfiL,,
lnrM,BSU08320,,bifM,yfiM,,
lnrN,BSU08330,,bifN,yfiN,,
padR,BSU08340,,yfiO,,,
estB,BSU08350,,lipB,yfiP,,
yfiQ,BSU08360,,,,,
yfiR,BSU08370,,,,,
yfiS,BSU08380,,,,,
yfiT,BSU08390,,,,,
yfiU,BSU08400,,,,,
yfiV,BSU08410,,,,,
mprF,BSU08425,,yfiW,yfiX,,
yfiY,BSU08440,,,,,
yfiZ,BSU08450,,,,,
yfhA,BSU08460,,,,,
yfhB,BSU08470,,,,,
yfhC,BSU08480,,,,,
yfhD,BSU08490,,,,,
yfhE,BSU08500,,,,,
yfhF,BSU08510,,,,,
recX,BSU08520,,yfhG,,,
yfhH,BSU08530,,,,,
yfhI,BSU08540,,,,,
sspK,BSU08550,,,,,
yfhJ,BSU08560,,,,,
yfhK,BSU08570,,,,,
yfhL,BSU08580,,,,,
yfhM,BSU08590,,,,,
csbB,BSU08600,,yfhN,,,
yfhO,BSU08610,,,,,
yfhP,BSU08620,,,,,
mutY,BSU08630,,yfhQ,,,
yfhS,BSU08640,,,,,
fabL,BSU08650,,yfhR,ygaA,,
sspE,BSU08660,,,,,
ygaB,BSU08670,,,,,
ygaC,BSU08680,,,,,
ygaD,BSU08690,,,,,
ygaE,BSU08700,,,,,
gsaB,BSU08710,,,,,
ygaF,BSU08720,,bcp,,,
perR,BSU08730,,ygaG,,,
ygzB,BSU08740,,,,,
ygxA,BSU08750,,,,,
spo0M,BSU08760,,ygaI,,,
ygzA,BSU08770,,,,,
ygzC,BSU08779,,,,,
ygaJ,BSU08780,,,,,
thiC,BSU08790,,thiA,,,
ygaK,BSU08800,,,,,
senS,BSU08810,,,,,
katA,BSU08820,,kat,kat-19,,
ssuB,BSU08830,,ycbE,ygaL,,
ssuA,BSU08840,,ygbA,yzeA,,
ssuC,BSU08850,,ygaM,yzeB,,
ssuD,BSU08860,,ygcA,yzeC,,
ygaN,BSU08870,,,,,
rpsN2,BSU08880,,rpsNB,yhzA,,
ygaO,BSU08890,,,,,
ygzD,BSU08899,,,,,
yhzB,BSU08900,,,,,
queG,BSU08910,,ygaP,yhbA,,
yhbB,BSU08920,,ygaQ,,,
cspR,BSU08930,,ygaR,,,
yhbD,BSU08940,,ygaS,,,
yhbE,BSU08950,,ygaT,yzdA,,
yhbF,BSU08960,,yzdB,,,
prkA,BSU08970,,,,,
yhbH,BSU08980,,yzdC,,,
yhbI,BSU08990,,,,,
yhbJ,BSU09000,,,,,
yhcA,BSU09010,,,,,
yhcB,BSU09020,,,,,
yhcC,BSU09030,,,,,
yhcD,BSU09040,,,,,
yhcE,BSU09050,,,,,
yhcF,BSU09060,,,,,
yhcG,BSU09070,,,,,
yhcH,BSU09080,,,,,
yhcI,BSU09090,,,,,
cspB,BSU09100,,cspA,,,
yhcJ,BSU09110,,,,,
yhcK,BSU09120,,,,,
tcyP,BSU09130,,yhcL,,,
yhcM,BSU09140,,,,,
yhcN,BSU09150,,,,,
yhcO,BSU09165,,,,,
yhcQ,BSU09180,,,,,
yhcR,BSU09190,,,,,
srtD,BSU09200,,srtA,yhcS,,
yhcT,BSU09210,,,,,
yhcU,BSU09220,,,,,
yhcV,BSU09230,,,,,
yhcW,BSU09240,,,,,
yhcX,BSU09250,,,,,
yhxA,BSU09260,,,,,
glpP,BSU09270,,glpP1,,,
glpF,BSU09280,,,,,
glpK,BSU09290,,,,,
glpD,BSU09300,,,,,
pgcA,BSU09310,,gtaC,gtaE,yhxB,
yhcY,BSU09320,,,,,
yhcZ,BSU09330,,,,,
azr,BSU09340,,yhdA,,,
yhdB,BSU09350,,,,,
yhdC,BSU09360,,,,,
lytF,BSU09370,,cwlE,yhdD,,
nsrR,BSU09380,,yhdE,,,
ygxB,BSU09390,,,,,
spoVR,BSU09400,,,,,
phoA,BSU09410,,phoAIV,,,
lytE,BSU09420,,cwlF,papQ,,
citR,BSU09430,,,,,
citA,BSU09440,,,,,
yhdF,BSU09450,,,,,
yhdG,BSU09460,,,,,
yhdH,BSU09470,,,,,
yhdI,BSU09480,,,,,
yhdJ,BSU09490,,,,,
yhdK,BSU09500,,,,,
yhdL,BSU09510,,,,,
sigM,BSU09520,,yhdM,,,
yhdN,BSU09530,,,,,
plsC,BSU09540,,yhdO,,,
yhdP,BSU09550,,,,,
cueR,BSU09560,,yhdQ,,,
yhdR,BSU09570,,,,,
yhdT,BSU09590,,,,,
crcB1,BSU09600,,yhdU,,,
crcB2,BSU09610,,yhdV,,,
yhdW,BSU09620,,,,,
yhdX,BSU09630,,,,,
yhdY,BSU09640,,,,,
cobB,BSU09650,,yhdZ,,,
yheN,BSU09660,,,,,
dat,BSU09670,,yheM,,,
nhaC,BSU09680,,yheL,,,
nhaX,BSU09690,,yheK,,,
yheJ,BSU09700,,,,,
yheI,BSU09710,,,,,
yheH,BSU09720,,,,,
yheG,BSU09730,,,,,
yheF,BSU09740,,,,,
sspB,BSU09750,,,,,
yheE,BSU09760,,,,,
yheD,BSU09770,,,,,
yheC,BSU09780,,,,,
yheB,BSU09790,,,,,
yheA,BSU09800,,,,,
yhaZ,BSU09810,,,,,
yhaX,BSU09830,,,,,
hemZ,BSU09840,,yhaV,yhaW,,
khtU,BSU09850,,yhaU,,,
khtT,BSU09860,,yhaT,,,
khtS,BSU09870,,yhaS,,,
yhaR,BSU09880,,,,,
yhzD,BSU09889,,,,,
yhaQ,BSU09890,,,,,
yhaP,BSU09900,,,,,
yhaO,BSU09910,,,,,
yhaN,BSU09920,,,,,
yhaM,BSU09930,,,,,
yhaL,BSU09940,,,,,
prsA,BSU09950,,,,,
sscA,BSU09958,,yhzE,,,
yhaJ,BSU09965,,,,,
yhaI,BSU09980,,,,,
hpr,BSU09990,,catA,scoC,,
yhaH,BSU10000,,,,,
yhzF,BSU10009,,,,,
trpP,BSU10010,,,,,
serC,BSU10020,,yhaF,,,
hit,BSU10030,,yhaE,,,
ecsA,BSU10040,,prsT,yhaD,,
ecsB,BSU10050,,prsT,yhaC,,
ecsC,BSU10060,,prsT,yhaB,,
yhaA,BSU10070,,,,,
yhfA,BSU10080,,,,,
yhgB,BSU10090,,yixB,,,
hmoB,BSU10100,,yhgC,yixC,,
pbpF,BSU10110,,ponA,,,
hemE,BSU10120,,,,,
cpfC,BSU10130,,hemF,hemH,,
cgoX,BSU10140,,hemG,hemY,,
yhgD,BSU10150,,yixD,,,
yhgE,BSU10160,,yixE,,,
fabHB,BSU10170,,fabH2,yhfB,,
yhfC,BSU10180,,,,,
yhfE,BSU10200,,,,,
yhfF,BSU10210,,,,,
gltT,BSU10220,,yhfG,,,
yhfH,BSU10230,,,,,
yhfI,BSU10240,,,,,
lplJ,BSU10250,,yhfJ,,,
yhfK,BSU10260,,,,,
lcfB,BSU10270,,yhfL,,,
yhfM,BSU10280,,,,,
yhfN,BSU10290,,yzoA,,,
aprE,BSU10300,,apr,aprA,sprE,
yhfO,BSU10310,,,,,
yhfP,BSU10320,,,,,
yhfQ,BSU10330,,,,,
phoE,BSU10340,,yhfR,,,
yhfS,BSU10350,,,,,
yhfT,BSU10360,,,,,
bioY,BSU10370,,yhfU,,,
hemAT,BSU10380,,yhfV,,,
yhfW,BSU10390,,,,,
yhxC,BSU10400,,,,,
yhzC,BSU10410,,,,,
comK,BSU10420,,,,,
yhxD,BSU10430,,,,,
yhjA,BSU10440,,,,,
yhjB,BSU10450,,,,,
yhjC,BSU10460,,,,,
yhjD,BSU10470,,,,,
yhjE,BSU10480,,,,,
sipV,BSU10490,,yhjF,,,
yhjG,BSU10500,,,,,
yhjH,BSU10510,,,,,
glcP,BSU10520,,glcT1,yhjI,,
ntdC,BSU10530,,yhjJ,,,
ntdB,BSU10540,,yhjK,,,
ntdA,BSU10550,,yhjL,,,
ntdR,BSU10560,,yhjM,,,
yhjN,BSU10570,,,,,
yhjO,BSU10580,,,,,
yhjP,BSU10590,,,,,
yhjQ,BSU10600,,,,,
yhjR,BSU10610,,,,,
addB,BSU10620,,,,,
addA,BSU10630,,,,,
sbcD,BSU10640,,yixA,,,
sbcC,BSU10650,,yirY,,,
yisB,BSU10660,,,,,
gerPF,BSU10670,,yisC,,,
gerPE,BSU10680,,yisD,,,
gerPD,BSU10690,,yisE,,,
gerPC,BSU10700,,yisF,,,
gerPB,BSU10710,,yisG,,,
gerPA,BSU10720,,yisH,,,
yisI,BSU10730,,,,,
yisJ,BSU10740,,,,,
yisK,BSU10750,,,,,
yisL,BSU10760,,,,,
wprA,BSU10770,,yisM,,,
yisN,BSU10780,,yucA,,,
asnO,BSU10790,,yisO,yucB,,
yizA,BSU10800,,yucC,,,
yisP,BSU10810,,yucD,,,
yisQ,BSU10820,,yucE,,,
yisR,BSU10830,,yucF,yuxC,,
degA,BSU10840,,,,,
iolX,BSU10850,,yisS,yucG,yuxD,
yisT,BSU10860,,yucH,,,
yisU,BSU10870,,,,,
yisV,BSU10880,,,,,
yisX,BSU10890,,,,,
yisY,BSU10900,,,,,
yisZ,BSU10910,,,,,
yitA,BSU10920,,,,,
cysH1,BSU10930,,yitB,,,
comB,BSU10940,,yitC,,,
yitD,BSU10950,,,,,
yitE,BSU10960,,,,,
yitF,BSU10970,,,,,
yitG,BSU10980,,,,,
yitH,BSU10990,,,,,
yitI,BSU11000,,,,,
yitJ,BSU11010,,,,,
yitK,BSU11020,,,,,
yitL,BSU11030,,,,,
yitM,BSU11040,,,,,
yitO,BSU11055,,,,,
yitP,BSU11070,,,,,
yizB,BSU11079,,,,,
yitQ,BSU11080,,,,,
yitR,BSU11090,,,,,
nprB,BSU11100,,,,,
yitS,BSU11110,,,,,
yitT,BSU11120,,yuxA,,,
ipi,BSU11130,,,,,
yizC,BSU11139,,,,,
yitU,BSU11140,,,,,
yitV,BSU11150,,,,,
yitW,BSU11160,,,,,
yitY,BSU11170,,,,,
yitZ,BSU11180,,,,,
argC,BSU11190,,,,,
argJ,BSU11200,,,,,
argB,BSU11210,,,,,
argD,BSU11220,,,,,
carA,BSU11230,,cpaA,,,
carB,BSU11240,,cpaB,,,
argF,BSU11250,,,,,
yjzC,BSU11260,,,,,
yjzD,BSU11270,,,,,
yjaU,BSU11280,,,,,
yjaV,BSU11290,,,,,
med,BSU11300,,,,,
comZ,BSU11310,,,,,
yjzB,BSU11320,,,,,
fabHA,BSU11330,,fabH,fabH1,yjaX,
fabF,BSU11340,,yjaY,,,
yjaZ,BSU11350,,,,,
appD,BSU11360,,,,,
appF,BSU11370,,,,,
appA,BSU11381,BSU11382,,,,
appB,BSU11390,,,,,
appC,BSU11400,,,,,
yjbA,BSU11410,,,,,
trpS,BSU11420,,,,,
oppA,BSU11430,,spo0KA,,,
oppB,BSU11440,,spo0KB,,,
oppC,BSU11450,,spo0KC,,,
oppD,BSU11460,,spo0KD,,,
oppF,BSU11470,,spo0KE,,,
yjbB,BSU11480,,,,,
yjbC,BSU11490,,,,,
spx,BSU11500,,spxA,yjbD,,
yjbE,BSU11510,,,,,
mecA,BSU11520,,,,,
coiA,BSU11530,,yjbF,,,
yjbG,BSU11540,,,,,
yizD,BSU11549,,,,,
spxH,BSU11550,,yjbH,,,
yjbI,BSU11560,,,,,
yjbJ,BSU11570,,,,,
yjbK,BSU11580,,,,,
yjbL,BSU11590,,,,,
yjbM,BSU11600,,,,,
ppnKA,BSU11610,,nadF,yjbN,,
yjbO,BSU11620,,,,,
prpE,BSU11630,,yjbP,,,
yjbQ,BSU11640,,,,,
tenA,BSU11650,,,,,
tenI,BSU11660,,,,,
thiO,BSU11670,,goxB,yjbR,,
thiS,BSU11680,,yjbS,,,
thiG,BSU11690,,yjbT,,,
thiF,BSU11700,,yjbU,,,
thiD,BSU11710,,yjbV,,,
fabI,BSU11720,,yjbW,,,
cotO,BSU11730,,yjbX,,,
cotZ,BSU11740,,,,,
cotY,BSU11750,,,,,
cotX,BSU11760,,,,,
cotW,BSU11770,,,,,
cotV,BSU11780,,,,,
yjcA,BSU11790,,,,,
yjzK,BSU11799,,,,,
yjcZ,BSU11809,,,,,
spoVIF,BSU11810,,yjcC,,,
yjcD,BSU11820,,,,,
yjzE,BSU11839,,,,,
yjcF,BSU11840,,,,,
yjcG,BSU11850,,,,,
yjcH,BSU11860,,,,,
metI,BSU11870,,yjcI,,,
metC,BSU11880,,yjcJ,,,
yjcK,BSU11890,,,,,
yjcL,BSU11900,,,,,
yjcM,BSU11910,,,,,
yjcN,BSU11920,,,,,
yjzF,BSU11928,,,,,
yjzG,BSU11929,,,,,
yjcO,BSU11930,,,,,
yjcP,BSU11940,,,,,
yjcQ,BSU11950,,,,,
yjcR,BSU11960,,,,,
yjcS,BSU11970,,,,,
yjdA,BSU11980,,,,,
yjdB,BSU11990,,,,,
manR,BSU12000,,,,,
manP,BSU12010,,yjdD,,,
manA,BSU12020,,pmi,yjdE,,
yjdF,BSU12030,,,,,
yjdG,BSU12040,,,,,
yjdH,BSU12050,,,,,
yjdI,BSU12060,,,,,
yjzH,BSU12069,,,,,
yjdJ,BSU12070,,,,,
ctaB1,BSU12080,,ctaO,,,
cotT,BSU12090,,,,,
pdaC,BSU12100,,yjeA,,,
yjfA,BSU12110,,,,,
yjfB,BSU12120,,,,,
yjfC,BSU12130,,,,,
yjgA,BSU12140,,,,,
yjgB,BSU12150,,,,,
yjgC,BSU12160,,,,,
yjgD,BSU12170,,,,,
yjhA,BSU12180,,,,,
yjhB,BSU12190,,,,,
yjiA,BSU12200,,,,,
yjiB,BSU12210,,,,,
yjiC,BSU12220,,,,,
yjzI,BSU12229,,,,,
yjjA,BSU12230,,,,,
yjkA,BSU12240,,,,,
yjkB,BSU12250,,,,,
yjlA,BSU12260,,,,,
yjlB,BSU12270,,,,,
yjlC,BSU12280,,,,,
yjlD,BSU12290,,,,,
uxaC,BSU12300,,yjmA,,,
yjmB,BSU12310,,,,,
yjmC,BSU12320,,,,,
yjmD,BSU12330,,,,,
uxuA,BSU12340,,yjmE,,,
uxuB,BSU12350,,yjmF,,,
exuT,BSU12360,,yjmG,,,
exuR,BSU12370,,yjmH,,,
uxaB,BSU12380,,yjmI,,,
uxaA,BSU12390,,yjmJ,,,
yjnA,BSU12400,,,,,
yjoA,BSU12410,,,,,
yjoB,BSU12420,,,,,
rapA,BSU12430,,gsiAA,spo0L,,
phrA,BSU12440,,gsiAB,,,
yjpA,BSU12450,,,,,
xlyB,BSU12460,,yjpB,,,
yjqA,BSU12470,,,,,
yjqB,BSU12480,,,,,
yjqC,BSU12490,,,,,
xkdA,BSU12500,,ykxA,,,
xre,BSU12510,,,,,
yjzJ,BSU12519,,,,,
xkdB,BSU12520,,ykxB,,,
xkdC,BSU12530,,ykxC,,,
ykzK,BSU12539,,,,,
xkdD,BSU12540,,ykxD,,,
xtrA,BSU12550,,,,,
xpf,BSU12560,,pcf,ykxE,,
xtmA,BSU12570,,ykxF,,,
xtmB,BSU12580,,ykxG,,,
xkdE,BSU12590,,,,,
xkdF,BSU12600,,,,,
xkdG,BSU12610,,,,,
ykzL,BSU12619,,,,,
xkdH,BSU12620,,,,,
xkdI,BSU12630,,,,,
xkdJ,BSU12640,,,,,
ykzM,BSU12649,,,,,
xkdK,BSU12650,,,,,
xkdM,BSU12660,,,,,
xkdN,BSU12670,,,,,
xkzB,BSU12672,,,,,
xkdO,BSU12680,,,,,
xkdP,BSU12690,,,,,
xkdQ,BSU12700,,,,,
xkdR,BSU12710,,,,,
xkdS,BSU12720,,,,,
xkdT,BSU12730,,,,,
xkdU,BSU12740,,,,,
xkzA,BSU12749,,,,,
xkdV,BSU12750,,,,,
xkdW,BSU12760,,,,,
xkdX,BSU12770,,,,,
xepA,BSU12780,,xkdY,,,
xhlA,BSU12790,,,,,
xhlB,BSU12800,,xpaB,,,
xlyA,BSU12810,,,,,
spoIISB,BSU12820,,,,,
spoIISA,BSU12830,,ykaC,,,
pit,BSU12840,,ykaB,,,
ykaA,BSU12850,,,,,
steT,BSU12860,,ykbA,,,
mhqA,BSU12870,,ykcA,,,
ykcB,BSU12880,,,,,
ykcC,BSU12890,,,,,
htrA,BSU12900,,ykdA,,,
proG,BSU12910,,ykeA,yzcA,,
dppA,BSU12920,,dciAA,,,
dppB,BSU12930,,dciAB,,,
dppC,BSU12940,,dciAC,,,
dppD,BSU12950,,dciAD,,,
dppE,BSU12960,,dciAE,,,
ykfA,BSU12970,,,,,
ykfB,BSU12980,,,,,
ykfC,BSU12990,,,,,
ykfD,BSU13000,,,,,
pgl,BSU13010,,ykgB,,,
ykgA,BSU13020,,,,,
ykhA,BSU13030,,,,,
hmp,BSU13040,,ane3,ykiA,,
ykzH,BSU13050,,,,,
ykjA,BSU13060,,,,,
ykkA,BSU13070,,,,,
ykkB,BSU13080,,,,,
gdnC,BSU13090,,ykkC,,,
gdnD,BSU13100,,ykkD,,,
purU,BSU13110,,ykkE,,,
proB,BSU13120,,,,,
proA,BSU13130,,,,,
ohrA,BSU13140,,yklA,,,
ohrR,BSU13150,,ykmA,,,
ohrB,BSU13160,,ykzA,yzzE,,
ykzN,BSU13169,,,,,
guaD,BSU13170,,gde,,,
metE,BSU13180,,metC,,,
isp,BSU13190,,ispA,,,
rsbRB,BSU13200,,ykoB,,,
ykoC,BSU13210,,,,,
ykoD,BSU13220,,,,,
ykoE,BSU13230,,,,,
ykoF,BSU13240,,,,,
ykoG,BSU13250,,,,,
ykoH,BSU13260,,,,,
ykoI,BSU13270,,,,,
ykoJ,BSU13280,,,,,
ykzD,BSU13290,,,,,
mgtE,BSU13300,,ykoK,,,
tnrA,BSU13310,,scgR,,,
ykzB,BSU13320,,,,,
ykoL,BSU13330,,,,,
ykoM,BSU13340,,,,,
ykoN,BSU13350,,,,,
ykoP,BSU13360,,,,,
ykoQ,BSU13370,,,,,
ykoS,BSU13380,,ykoR,,,
ykoT,BSU13390,,,,,
ligd,BSU13400,,ykoU,,,
ku,BSU13410,,ykoV,,,
ykoW,BSU13420,,,,,
ykoX,BSU13430,,,,,
ykoY,BSU13440,,,,,
sigI,BSU13450,,ykoZ,,,
rsgI,BSU13460,,ykrI,,,
sspD,BSU13470,,,,,
ykrK,BSU13480,,,,,
htpX,BSU13490,,ykrL,,,
ktrD,BSU13500,,ykrM,,,
ykzP,BSU13509,,,,,
ykzE,BSU13510,,,,,
ykrP,BSU13520,,,,,
kinE,BSU13530,,ykrQ,,,
ogt,BSU13540,,dat,dat1,,
mtnA,BSU13550,,ykrS,,,
mtnK,BSU13560,,ykrT,,,
mtnU,BSU13570,,ykrU,,,
mtnE,BSU13580,,mtnV,ykrV,,
mtnW,BSU13590,,ykrW,,,
mtnX,BSU13600,,ykrX,,,
mtnB,BSU13610,,ykrY,,,
mtnD,BSU13620,,ykrZ,,,
ykvA,BSU13630,,,,,
spo0E,BSU13640,,,,,
eag,BSU13650,,ykvC,,,
kinD,BSU13660,,ykvD,,,
mhqR,BSU13670,,ykvE,,,
motB,BSU13680,,,,,
motA,BSU13690,,,,,
clpE,BSU13700,,,,,
ykvI,BSU13710,,,,,
queC,BSU13720,,ykvJ,,,
queD,BSU13730,,ykvK,,,
queE,BSU13740,,ykvL,,,
queF,BSU13750,,ykvM,,,
ykvN,BSU13760,,,,,
ykvO,BSU13770,,,,,
ykvP,BSU13780,,,,,
ykzQ,BSU13789,,,,,
ykvQ,BSU13790,,,,,
ykzR,BSU13799,,,,,
ykvR,BSU13800,,,,,
ykvS,BSU13810,,,,,
ykzS,BSU13819,,,,,
ykvT,BSU13820,,,,,
ykvU,BSU13830,,,,,
stoA,BSU13840,,spoIVH,,,
zosA,BSU13850,,ykvW,,,
ykvY,BSU13860,,,,,
ykvZ,BSU13870,,,,,
glcT,BSU13880,,ykwA,,,
ptsG,BSU13890,,crrptsX,,,
ptsH,BSU13900,,,,,
ptsI,BSU13910,,,,,
splA,BSU13920,,ykxI,,,
splB,BSU13930,,spl,,,
ykwB,BSU13940,,,,,
mcpC,BSU13950,,prg71,,,
ykwC,BSU13960,,,,,
ykwD,BSU13970,,,,,
pbpH,BSU13980,,ykuA,,,
kinA,BSU13990,,gsiC,scoD,spoIIF,spoIIJ
dapX,BSU14000,,patA,uat,,
ykzT,BSU14009,,,,,
cheV,BSU14010,,,,,
ykyB,BSU14020,,,,,
ykuC,BSU14030,,,,,
ykuD,BSU14040,,,,,
ykuE,BSU14050,,,,,
fadH,BSU14060,,ykuF,,,
fadG,BSU14071,,ykuG,,,
ykzU,BSU14072,,,,,
ykuH,BSU14080,,,,,
ykuI,BSU14090,,,,,
ykuJ,BSU14100,,,,,
ykuK,BSU14110,,,,,
ykzF,BSU14120,,,,,
ykuL,BSU14130,,,,,
ykuM,BSU14140,,,,,
ykuN,BSU14150,,,,,
ykuO,BSU14160,,,,,
ykuP,BSU14170,,,,,
dapH,BSU14180,,ykuQ,,,
ykuR,BSU14190,,dapL,,,
ykuS,BSU14200,,,,,
ykuT,BSU14210,,,,,
ykuU,BSU14220,,,,,
ykuV,BSU14230,,,,,
rok,BSU14240,,ykuW,,,
cse15,BSU14250,,yknT,,,
mobA,BSU14260,,,,,
moeB,BSU14270,,,,,
moeA,BSU14280,,,,,
mobB,BSU14290,,,,,
moaE,BSU14300,,,,,
moaD,BSU14310,,,,,
yknU,BSU14320,,,,,
yknV,BSU14330,,,,,
yknW,BSU14340,,,,,
yknX,BSU14350,,,,,
yknY,BSU14360,,,,,
yknZ,BSU14370,,,,,
fruR,BSU14380,,,,,
fruK,BSU14390,,fruB,,,
fruA,BSU14400,,,,,
sipT,BSU14410,,,,,
ykoA,BSU14420,,,,,
ykpA,BSU14430,,,,,
ykpB,BSU14440,,,,,
ampS,BSU14450,,,,,
ykpC,BSU14460,,,,,
mreBH,BSU14470,,,,,
abh,BSU14480,,ylxT,yzaA,,
kinC,BSU14490,,mskA,ssb,,
ykqA,BSU14500,,ylxU,yzaB,,
ktrC,BSU14510,,ykqB,ylxV,yzaC,
adeC,BSU14520,,ade,yzaD,,
rnjA,BSU14530,,ykqC,,,
rpoY,BSU14540,,ykzG,,,
ykrA,BSU14550,,,,,
defB,BSU14560,,ykrB,,,
ykzV,BSU14569,,,,,
ykyA,BSU14570,,ykrC,,,
pdhA,BSU14580,,aceA,,,
pdhB,BSU14590,,aceB,,,
pdhC,BSU14600,,aceC,,,
pdhD,BSU14610,,aceD,citL,,
slp,BSU14620,,pal,,,
ykzW,BSU14629,,,,,
speA,BSU14630,,cad,,,
yktA,BSU14640,,,,,
yktB,BSU14650,,,,,
ykzI,BSU14660,,,,,
suhB,BSU14670,,yktC,,,
ykzC,BSU14680,,,,,
yktD,BSU14690,,,,,
nprE,BSU14700,,,,,
ylaA,BSU14710,,,,,
ylaB,BSU14720,,,,,
ylaC,BSU14730,,,,,
ylaD,BSU14740,,,,,
ylaE,BSU14750,,,,,
ylaF,BSU14760,,,,,
bipA,BSU14770,,ylaG,,,
ylaH,BSU14780,,,,,
ylaI,BSU14790,,,,,
ylaJ,BSU14800,,,,,
ylaK,BSU14810,,,,,
ylaL,BSU14820,,,,,
glsA2,BSU14830,,ylaM,,,
ylaN,BSU14840,,,,,
ftsW,BSU14850,,ylaO,,,
pyc,BSU14860,,pycA,ylaP,,
ctaA,BSU14870,,,,,
ctaB2,BSU14880,,,,,
ctaC,BSU14890,,,,,
ctaD,BSU14900,,,,,
ctaE,BSU14910,,,,,
ctaF,BSU14920,,,,,
ctaG,BSU14930,,,,,
ylbA,BSU14940,,,,,
ylbB,BSU14950,,,,,
ylbC,BSU14960,,,,,
ylbD,BSU14970,,,,,
ylbE,BSU14980,,,,,
ylbF,BSU14990,,,,,
ylbG,BSU15000,,,,,
ylbH,BSU15010,,,,,
coaD,BSU15020,,ylbI,,,
ylbJ,BSU15030,,,,,
ylbK,BSU15040,,,,,
ylbL,BSU15050,,,,,
tmcAL,BSU15060,,ylbM,,,
ylzH,BSU15069,,,,,
ylbN,BSU15070,,,,,
rpmF,BSU15080,,,,,
ylbO,BSU15090,,,,,
ylbP,BSU15100,,,,,
panE,BSU15110,,apbA,ylbQ,,
bshC,BSU15120,,yllA,,,
mraZ,BSU15130,,yllB,,,
rsmH,BSU15140,,mraW,yllC,ylxA,
ftsL,BSU15150,,yllD,ylxB,,
pbpB,BSU15160,,,,,
spoVD,BSU15170,,,,,
murE,BSU15180,,,,,
mraY,BSU15190,,,,,
murD,BSU15200,,,,,
spoVE,BSU15210,,,,,
murG,BSU15220,,,,,
murB,BSU15230,,ylxC,,,
divIB,BSU15240,,dds,,,
ylxW,BSU15250,,,,,
ylxX,BSU15260,,,,,
sbp,BSU15270,,,,,
ftsA,BSU15280,,,,,
ftsZ,BSU15290,,,,,
bpr,BSU15300,,bpf,,,
spoIIGA,BSU15310,,,,,
sigE,BSU15320,,spoIIGB,,,
sigG,BSU15330,,spoIIIG,,,
ylmA,BSU15340,,,,,
ylmB,BSU15350,,thiQ,,,
ylmC,BSU15360,,,,,
ylmD,BSU15370,,,,,
ylmE,BSU15380,,,,,
sepF,BSU15390,,ylmF,,,
ylmG,BSU15400,,,,,
ylmH,BSU15410,,,,,
divIVA,BSU15420,,ylmJ,,,
ileS,BSU15430,,,,,
ylyA,BSU15440,,ylmK,,,
lspA,BSU15450,,lsp,,,
ylyB,BSU15460,,ylmL,,,
pyrR,BSU15470,,,,,
pyrP,BSU15480,,,,,
pyrB,BSU15490,,,,,
pyrC,BSU15500,,,,,
pyrAA,BSU15510,,,,,
pyrAB,BSU15520,,,,,
pyrK,BSU15530,,pyrDB,pyrDII,pyrZ,ylxD
pyrD,BSU15540,,pyrDA,pyrDI,,
pyrF,BSU15550,,,,,
pyrE,BSU15560,,pyrX,,,
cysH,BSU15570,,,,,
cysP,BSU15580,,ylnA,,,
sat,BSU15590,,ylnB,,,
cysC,BSU15600,,ylnC,,,
sumT,BSU15610,,ylnD,,,
sirB,BSU15620,,ylnE,,,
sirC,BSU15630,,ylnF,,,
rqcH,BSU15640,,yloA,,,
yloB,BSU15650,,,,,
yloC,BSU15660,,,,,
remA,BSU15670,,ylzA,,,
gmk,BSU15680,,yloD,,,
rpoZ,BSU15690,,yloH,,,
coaBC,BSU15700,,yloI,,,
priA,BSU15710,,yloJ,,,
defA,BSU15720,,def,yloK,,
fmt,BSU15730,,yloL,,,
rsmB,BSU15740,,sun,yloM,,
rlmN,BSU15750,,yloN,,,
prpC,BSU15760,,yloO,,,
prkC,BSU15770,,yloP,,,
rsgA,BSU15780,,cpgA,engC,yloQ,
rpe,BSU15790,,yloR,,,
thiN,BSU15800,,yloS,,,
spoVM,BSU15810,,,,,
rpmB,BSU15820,,yloT,,,
yloU,BSU15830,,,,,
yloV,BSU15840,,,,,
sdaAB,BSU15850,,yloW,,,
sdaAA,BSU15860,,ylpA,,,
recG,BSU15870,,ylpB,,,
fapR,BSU15880,,ylpC,,,
plsX,BSU15890,,ylpD,,,
fabD,BSU15900,,ylpE,,,
fabG,BSU15910,,ylpF,,,
acpA,BSU15920,,acpP,,,
rnc,BSU15930,,rncS,,,
smc,BSU15940,,ylqA,,,
ftsY,BSU15950,,srb,,,
ylqB,BSU15960,,,,,
ylxM,BSU15970,,,,,
ffh,BSU15980,,,,,
rpsP,BSU15990,,,,,
ylqC,BSU16000,,,,,
ylqD,BSU16010,,,,,
rimM,BSU16020,,ylqE,,,
trmD,BSU16030,,,,,
rplS,BSU16040,,,,,
rbgA,BSU16050,,ylqF,,,
rnhB,BSU16060,,rnh,,,
ylqG,BSU16070,,,,,
ylqH,BSU16080,,,,,
sucC,BSU16090,,,,,
sucD,BSU16100,,,,,
dprA,BSU16110,,smf,,,
topA,BSU16120,,topI,,,
trmFO,BSU16130,,gid,ylyC,,
xerC,BSU16140,,codV,,,
clpQ,BSU16150,,codW,hslV,,
clpY,BSU16160,,codX,hslU,,
codY,BSU16170,,,,,
flgB,BSU16180,,,,,
flgC,BSU16190,,,,,
fliE,BSU16200,,,,,
fliF,BSU16210,,,,,
fliG,BSU16220,,,,,
fliH,BSU16230,,,,,
fliI,BSU16240,,,,,
fliJ,BSU16250,,cheF,,,
ylxF,BSU16260,,,,,
fliK,BSU16270,,,,,
ylxG,BSU16280,,,,,
flgG,BSU16290,,flgE,,,
swrD,BSU16299,,ylzI,,,
fliL,BSU16300,,,,,
fliM,BSU16310,,,,,
fliY,BSU16320,,cheD,,,
cheY,BSU16330,,cheB,,,
fliZ,BSU16340,,cheA,,,
fliP,BSU16350,,cheC,,,
fliQ,BSU16360,,,,,
fliR,BSU16370,,,,,
flhB,BSU16380,,,,,
flhA,BSU16390,,,,,
flhF,BSU16400,,,,,
ylxH,BSU16410,,,,,
cheB,BSU16420,,cheL,,,
cheA,BSU16430,,cheN,,,
cheW,BSU16440,,,,,
cheC,BSU16450,,ylxJ,,,
cheD,BSU16460,,ylxK,,,
sigD,BSU16470,,flaB,,,
swrB,BSU16480,,,,,
rpsB,BSU16490,,,,,
tsf,BSU16500,,,,,
pyrH,BSU16510,,smbA,,,
frr,BSU16520,,,,,
uppS,BSU16530,,yluA,,,
cdsA,BSU16540,,,,,
dxr,BSU16550,,yluB,,,
rasP,BSU16560,,yluC,,,
proS,BSU16570,,,,,
polC,BSU16580,,dnaF,mutI,,
rimP,BSU16590,,ylxS,ymxA,,
nusA,BSU16600,,,,,
ylxR,BSU16610,,ymxB,,,
rplGA,BSU16620,,ylxQ,ymxC,,
infB,BSU16630,,,,,
ylxP,BSU16640,,ymxD,,,
rbfA,BSU16650,,ylxO,ymxE,,
truB,BSU16660,,ylxN,ymxF,,
ribC,BSU16670,,,,,
rpsO,BSU16680,,,,,
pnp,BSU16690,,comR,pnpA,,
ylxY,BSU16700,,ymxI,,,
ymxG,BSU16710,,,,,
ymxH,BSU16720,,,,,
dpaA,BSU16730,,spoVFA,,,
dpaB,BSU16740,,spoVFB,,,
asd,BSU16750,,,,,
dapG,BSU16760,,lssD,,,
dapA,BSU16770,,,,,
rnjB,BSU16780,,ymfA,,,
tepA,BSU16790,,ylxI,ymfB,,
ylzJ,BSU16799,,,,,
spoIIIE,BSU16800,,ftsK,,,
ymfC,BSU16810,,,,,
ymfD,BSU16825,,ymfE,,,
ymfF,BSU16840,,,,,
ymfH,BSU16860,,,,,
ymfI,BSU16870,,,,,
ymfJ,BSU16880,,,,,
ymfK,BSU16890,BSU16900,,,,
ymfM,BSU16910,,,,,
pgsA,BSU16920,,ymfN,,,
cinA,BSU16930,,ymfO,yzlB,,
recA,BSU16940,,recE,,,
pbpX,BSU16950,,,,,
rny,BSU16960,,ymdA,,,
ymdB,BSU16970,,,,,
spoVS,BSU16980,,,,,
tdh,BSU16990,,,,,
kbl,BSU17000,,,,,
miaB,BSU17010,,ymcB,,,
ymcA,BSU17020,,,,,
cotE,BSU17030,,,,,
mutS,BSU17040,,,,,
mutL,BSU17050,,,,,
ymzD,BSU17060,,,,,
ymcC,BSU17070,,,,,
pksA,BSU17080,,,,,
pksB,BSU17090,,,,,
pksC,BSU17100,,,,,
pksD,BSU17110,,,,,
pksE,BSU17120,,,,,
acpK,BSU17130,,,,,
pksF,BSU17140,,,,,
pksG,BSU17150,,,,,
pksH,BSU17160,,,,,
pksI,BSU17170,,,,,
pksJ,BSU17180,,pksK,,,
pksL,BSU17190,,outG,pksA,pksX,
pksM,BSU17200,,pksY,,,
pksN,BSU17210,,,,,
pksR,BSU17220,,,,,
pksS,BSU17230,,,,,
ymzB,BSU17240,,,,,
ymaE,BSU17250,,,,,
aprX,BSU17260,,,,,
ymaC,BSU17270,,,,,
ymaD,BSU17280,,,,,
ebrB,BSU17290,,,,,
ebrA,BSU17300,,,,,
ymaG,BSU17310,,,,,
ymaF,BSU17320,,,,,
miaA,BSU17330,,,,,
hfq,BSU17340,,ymaH,,,
ymzC,BSU17350,,,,,
ymzA,BSU17360,,,,,
nrdI,BSU17370,,ymaA,,,
nrdE,BSU17380,,nrdA,,,
nrdF,BSU17390,,,,,
ymaB,BSU17400,,,,,
cwlC,BSU17410,,,,,
spoVK,BSU17420,,spoVJ,,,
hflX,BSU17430,,ynbA,,,
ynbB,BSU17440,,,,,
glnR,BSU17450,,,,,
glnA,BSU17460,,,,,
ynxB,BSU17470,,ynaA,,,
ynzF,BSU17480,,,,,
ynzG,BSU17490,,,,,
ynaB,BSU17500,,,,,
ynaC,BSU17510,,,,,
ynaD,BSU17520,,,,,
ynaE,BSU17530,,,,,
ynaF,BSU17540,,,,,
ynaG,BSU17550,,,,,
ynzI,BSU17559,,,,,
ynaI,BSU17560,,,,,
ynaJ,BSU17570,,,,,
xynB,BSU17580,,,,,
xylR,BSU17590,,,,,
xylA,BSU17600,,,,,
xylB,BSU17610,,yncA,,,
yncB,BSU17620,,,,,
yncC,BSU17630,,,,,
alr2,BSU17640,,yncD,,,
yncE,BSU17650,,,,,
yncF,BSU17660,,,,,
ynzH,BSU17670,,,,,
thyA1,BSU17680,,,,,
yncM,BSU17690,,,,,
ynzK,BSU17699,,,,,
cotC,BSU17700,,,,,
tatAc,BSU17710,,ynzA,,,
yndA,BSU17720,,,,,
yndB,BSU17730,,,,,
ynzB,BSU17740,,,,,
yndD,BSU17750,,,,,
yndE,BSU17760,,,,,
yndF,BSU17770,,,,,
yndG,BSU17780,,,,,
yndH,BSU17790,,,,,
yndJ,BSU17800,,,,,
yndK,BSU17810,,,,,
yndL,BSU17820,,,,,
yndM,BSU17830,,,,,
fosB,BSU17840,,yndN,,,
lexA,BSU17850,,dinR,,,
yneA,BSU17860,,,,,
yneB,BSU17870,,,,,
ynzC,BSU17880,,,,,
tkt,BSU17890,,tktA,,,
sirA,BSU17900,,yneE,yoxF,,
yneF,BSU17910,,yoxG,,,
ynzD,BSU17920,,,,,
ccdA,BSU17930,,,,,
ccdB,BSU17940,,yneI,yoxH,,
ccdC,BSU17950,,yneJ,yoxI,,
yneK,BSU17960,,yoxJ,,,
cotM,BSU17970,,yneL,,,
sspP,BSU17980,,cotL,,,
sspO,BSU17990,,cotK,,,
citB,BSU18000,,,,,
yneN,BSU18010,,,,,
ynzL,BSU18019,,,,,
sspN,BSU18020,,,,,
tlp,BSU18030,,tlpA,,,
yneP,BSU18040,,,,,
yneQ,BSU18050,,,,,
yneR,BSU18060,,,,,
plsY,BSU18070,,yneS,,,
yneT,BSU18080,,,,,
parE,BSU18090,,grlB,,,
parC,BSU18100,,grlA,,,
ynfC,BSU18110,,,,,
alsT,BSU18120,,,,,
eglS,BSU18130,,bglC,gld,,
ynfE,BSU18140,,,,,
xynC,BSU18150,,ynfF,,,
xynD,BSU18160,,,,,
yngA,BSU18170,,,,,
yngB,BSU18180,,,,,
yngC,BSU18190,,,,,
nrnB,BSU18200,,yngD,,,
yngE,BSU18210,,,,,
yngF,BSU18220,,,,,
yngG,BSU18230,,,,,
yngHB,BSU18239,,,,,
accC2,BSU18240,,accC,yngH,,
yngI,BSU18250,,,,,
yngJ,BSU18260,,,,,
ynzE,BSU18270,,,,,
yngK,BSU18280,,yotA,,,
yngL,BSU18290,,,,,
ppsE,BSU18300,,pps5,,,
ppsD,BSU18310,,pps4,,,
ppsC,BSU18320,,pps3,,,
ppsB,BSU18330,,pps2,,,
ppsA,BSU18340,,pps1,,,
dacC,BSU18350,,pbp,,,
galM,BSU18360,,yoxA,,,
yoeA,BSU18370,,,,,
yoeB,BSU18380,,,,,
yoeC,BSU18390,,,,,
yoeD,BSU18400,,,,,
ggt,BSU18410,,,,,
yofA,BSU18420,,,,,
yogA,BSU18430,,,,,
gltB,BSU18440,,,,,
gltA,BSU18450,,,,,
gltC,BSU18460,,,,,
proJ,BSU18470,,yohA,,,
proH,BSU18480,,proC,yoxE,,
rtp,BSU18490,,,,,
yoxD,BSU18500,,,,,
yoxC,BSU18510,,,,,
yoxB,BSU18520,,,,,
yoaA,BSU18530,,,,,
yoaB,BSU18540,,,,,
yoaC,BSU18550,,,,,
yoaD,BSU18560,,,,,
yoaE,BSU18570,,,,,
yoaF,BSU18580,,,,,
yoaG,BSU18590,,,,,
yozQ,BSU18600,,,,,
yoaH,BSU18610,,,,,
yoaI,BSU18620,,,,,
yoaJ,BSU18630,,,,,
yoaK,BSU18640,,,,,
pelB,BSU18650,,,,,
yoaM,BSU18660,,,,,
yozS,BSU18669,,,,,
oxdD,BSU18670,,yoaN,,,
yoaO,BSU18680,,,,,
yoaP,BSU18690,,,,,
yoaQ,BSU18700,,,,,
yozT,BSU18709,,,,,
yozF,BSU18710,,,,,
yoaR,BSU18720,,,,,
yoaS,BSU18730,,,,,
yozG,BSU18740,,,,,
yoaT,BSU18750,,,,,
yoaU,BSU18760,,,,,
yoaV,BSU18770,,,,,
yoaW,BSU18780,,,,,
yoaZ,BSU18790,,,,,
penP,BSU18800,,,,,
yobA,BSU18810,,,,,
yobB,BSU18820,,,,,
pps,BSU18830,,,,,
xynA,BSU18840,,,,,
yozV,BSU18849,,,,,
yobD,BSU18850,,,,,
yozH,BSU18860,,,,,
yozI,BSU18870,,,,,
yobE,BSU18880,,,,,
yobF,BSU18890,,,,,
yozW,BSU18898,,,,,
yozX,BSU18899,,,,,
yozJ,BSU18900,,,,,
yozY,BSU18908,,,,,
rapK,BSU18910,,yobG,,,
phrK,BSU18920,,,,,
yobH,BSU18930,,,,,
yozK,BSU18940,,,,,
yozL,BSU18950,,,,,
yozM,BSU18960,,,,,
yobI,BSU18970,,,,,
yobJ,BSU18980,,,,,
yobK,BSU18990,,,,,
yobL,BSU19000,,,,,
yobM,BSU19010,,,,,
yobN,BSU19020,,,,,
yobO,BSU19030,,,,,
csaA,BSU19040,,,,,
yobQ,BSU19050,,,,,
yobR,BSU19060,,,,,
yobS,BSU19070,,,,,
yobT,BSU19080,,,,,
yobU,BSU19090,,,,,
yobV,BSU19100,,,,,
csk22,BSU19110,,yobW,,,
czrA,BSU19120,,yozA,,,
yocA,BSU19130,,,,,
yozB,BSU19140,,,,,
yocB,BSU19150,,,,,
yocC,BSU19160,,,,,
yocD,BSU19170,,,,,
des,BSU19180,,desA,yocE,,
desK,BSU19190,,yocF,,,
desR,BSU19200,,yocG,,,
yocH,BSU19210,,,,,
recQ,BSU19220,,yocI,,,
azoR1,BSU19230,,yocJ,,,
yocK,BSU19240,,,,,
yocL,BSU19250,,,,,
yoyB,BSU19259,,,,,
yocM,BSU19260,,,,,
yozN,BSU19270,,,,,
yocN,BSU19280,,,,,
yozO,BSU19290,,,,,
yozC,BSU19300,,,,,
dhaS,BSU19310,,,,,
sqhC,BSU19320,,,,,
sodF,BSU19330,,,,,
yocR,BSU19340,,,,,
yocS,BSU19350,,,,,
odhB,BSU19360,,citM,,,
odhA,BSU19370,,citK,,,
yojO,BSU19380,,,,,
yojN,BSU19390,,,,,
yojM,BSU19400,,,,,
cwlS,BSU19410,,yojL,,,
yojK,BSU19420,,,,,
cdaS,BSU19430,,dacB,yojJ,,
norM,BSU19440,,yojI,,,
rsbRC,BSU19450,,yojH,,,
bshB2,BSU19460,,yojG,,,
yojF,BSU19470,,,,,
yoyC,BSU19479,,yojE,,,
yojE,BSU19480,,yojD,,,
gerT,BSU19490,,yozR,,,
yojB,BSU19510,,,,,
yojA,BSU19520,,,,,
yolI,BSU19530,,yodA,,,
yodB,BSU19540,,,,,
yodC,BSU19550,,yolG,,,
mhqD,BSU19560,,yodD,yolF,,
mhqE,BSU19570,,yodE,,,
yoyD,BSU19579,,,,,
yodF,BSU19580,,,,,
ctpA,BSU19590,,orfRM1,,,
yodH,BSU19600,,yolB,,,
yodI,BSU19610,,yolA,,,
yodJ,BSU19620,,yokZ,,,
deoD,BSU19630,,punB,,,
yoyE,BSU19639,,,,,
yodL,BSU19640,,yokX,,,
pgpB,BSU19650,,yodM,,,
yozD,BSU19660,,,,,
yoyF,BSU19669,,,,,
yodN,BSU19670,,yokV,,,
yozE,BSU19680,,,,,
yokU,BSU19689,,,,,
kamA,BSU19690,,,,,
yodP,BSU19700,,yokR,,,
yodQ,BSU19710,,argE,yokP,,
yodR,BSU19720,,yokO,,,
yodS,BSU19730,,yokN,,,
yodT,BSU19740,,yokM,,,
yoyG,BSU19749,,,,,
cgeE,BSU19750,,cgeBC,,,
cgeD,BSU19760,,cgeBB,,,
cgeC,BSU19770,,cgeBA,,,
cgeA,BSU19780,,cgeAA,,,
cgeB,BSU19790,,cgeAB,,,
phy,BSU19800,,yodV,yzxA,,
yotN,BSU19820,,yokJ,,,
yotM,BSU19830,,yodV,yokI,,
yotL,BSU19840,,yokH,,,
yotK,BSU19850,,,,,
yotJ,BSU19860,,yokG,,,
yotI,BSU19870,,yodW,yokF,,
yotH,BSU19880,,,,,
yotG,BSU19890,,,,,
yotF,BSU19900,,,,,
yotE,BSU19910,,,,,
yotD,BSU19920,,yokD,,,
yotC,BSU19930,,yokC,,,
yotB,BSU19940,,yokB,,,
sspC,BSU19950,,,,,
yosX,BSU19970,,yojZ,,,
yosW,BSU19980,,,,,
yosV,BSU19990,,yojX,,,
yojW,BSU19999,,,,,
yosU,BSU20000,,,,,
yosT,BSU20010,,yojV,,,
yosS,BSU20020,,yojU,,,
yosR,BSU20030,,yojT,,,
yosP,BSU20040,,yojQ,yojS,,
yosQ,BSU20050,,yojR,,,
nrdEB,BSU20060,,yojP,yosN,,
nrdIB,BSU20070,,yosM,,,
yosL,BSU20080,,,,,
yosK,BSU20090,,,,,
yosJ,BSU20100,,,,,
yosI,BSU20110,,,,,
yosH,BSU20120,,,,,
yosG,BSU20130,,,,,
yosF,BSU20140,,,,,
yosE,BSU20150,,,,,
yosD,BSU20160,,,,,
yosC,BSU20170,,,,,
yosB,BSU20180,,,,,
yosA,BSU20190,,,,,
yorZ,BSU20200,,,,,
yorY,BSU20210,,,,,
yorX,BSU20220,,,,,
yorW,BSU20230,,,,,
yorV,BSU20240,,,,,
mtbP,BSU20250,,,,,
yorT,BSU20260,,,,,
yorS,BSU20270,,,,,
yorR,BSU20280,,,,,
yorQ,BSU20290,,,,,
yorP,BSU20300,,,,,
yorO,BSU20310,,,,,
yorN,BSU20320,,,,,
yorM,BSU20330,,,,,
yorL,BSU20340,,,,,
yorK,BSU20350,,,,,
yorJ,BSU20360,,,,,
yorI,BSU20370,,,,,
yorH,BSU20380,,,,,
yorG,BSU20390,,,,,
yorF,BSU20400,,,,,
yorE,BSU20410,,,,,
yorD,BSU20420,,,,,
yorC,BSU20430,,,,,
yorB,BSU20440,,,,,
yorA,BSU20450,,,,,
yoqZ,BSU20460,,,,,
yoqY,BSU20470,,,,,
yoqX,BSU20480,,,,,
yoqW,BSU20490,,,,,
ligB,BSU20500,,yoqV,,,
yoqU,BSU20510,,,,,
yoqT,BSU20520,,,,,
yoqS,BSU20530,,,,,
yoqR,BSU20540,,,,,
yoqP,BSU20550,,,,,
yoqO,BSU20560,,,,,
yoqN,BSU20570,,,,,
yoqM,BSU20580,,,,,
yoqL,BSU20590,,,,,
yoqK,BSU20600,,,,,
yoqJ,BSU20610,,,,,
yoqI,BSU20620,,,,,
yoqH,BSU20630,,,,,
yoqG,BSU20640,,,,,
yoqF,BSU20650,,,,,
yoqE,BSU20660,,,,,
yoqD,BSU20670,,,,,
yoqC,BSU20680,,,,,
yoqB,BSU20690,,,,,
yoqA,BSU20700,,,,,
yopZ,BSU20710,,,,,
yopY,BSU20720,,,,,
yopX,BSU20730,,,,,
yopW,BSU20740,,,,,
yopV,BSU20750,,,,,
yopU,BSU20760,,,,,
yopT,BSU20770,,,,,
yopS,BSU20780,,,,,
yopR,BSU20790,,,,,
yopQ,BSU20800,,,,,
yopP,BSU20810,,,,,
yopO,BSU20820,,,,,
yopN,BSU20830,,,,,
yopM,BSU20840,,,,,
yopL,BSU20850,,,,,
yopK,BSU20860,,,,,
yopJ,BSU20870,,,,,
yopI,BSU20880,,,,,
yopH,BSU20890,,,,,
yopG,BSU20900,,,,,
yopF,BSU20910,,,,,
yopE,BSU20920,,,,,
yoyH,BSU20928,,,,,
yoyI,BSU20929,,,,,
yopD,BSU20930,,,,,
yopC,BSU20940,,,,,
yopB,BSU20950,,,,,
yopA,BSU20960,,,,,
yonX,BSU20970,,,,,
yonV,BSU20980,,,,,
yonU,BSU20990,,,,,
yoyJ,BSU20999,,,,,
yonT,BSU21000,,,,,
yonS,BSU21010,,,,,
yonR,BSU21020,,,,,
yonP,BSU21030,,,,,
yonO,BSU21040,,,,,
hup2,BSU21050,,yonN,,,
yonK,BSU21060,,,,,
yonJ,BSU21070,,,,,
yonI,BSU21080,,,,,
yonH,BSU21090,,,,,
yonG,BSU21100,,,,,
yonF,BSU21110,,,,,
yonE,BSU21120,,,,,
yonD,BSU21130,,,,,
yonC,BSU21140,,,,,
yonB,BSU21150,,,,,
yonA,BSU21160,,,,,
yomZ,BSU21170,,,,,
yomY,BSU21180,,,,,
yomX,BSU21190,,,,,
yomW,BSU21200,,,,,
yomV,BSU21210,,,,,
yomU,BSU21220,,,,,
youA,BSU21229,,,,,
yomT,BSU21230,,,,,
yomS,BSU21240,,,,,
yomR,BSU21250,,,,,
yomQ,BSU21260,,,,,
yomP,BSU21270,,,,,
yomO,BSU21280,,,,,
yomN,BSU21290,,,,,
yomM,BSU21300,,,,,
yozP,BSU21310,,,,,
yomL,BSU21320,,,,,
yomK,BSU21330,,,,,
yomJ,BSU21340,,,,,
yomI,BSU21350,,,,,
yomH,BSU21360,,,,,
yomG,BSU21370,,,,,
yomF,BSU21380,,,,,
yomE,BSU21390,,,,,
yomD,BSU21400,,,,,
blyA,BSU21410,,yomC,,,
bhlA,BSU21420,,yomB,,,
bhlB,BSU21430,,yomA,,,
bdbB,BSU21440,,yolK,,,
sunS,BSU21450,,yolJ,,,
bdbA,BSU21460,,yolI,,,
sunT,BSU21470,,yolH,,,
sunA,BSU21480,,yolG,,,
sunI,BSU21490,,yolF,,,
uvrX,BSU21500,,,,,
yolD,BSU21510,,,,,
yolC,BSU21520,,,,,
yolB,BSU21530,,,,,
yolA,BSU21540,,,,,
yokL,BSU21550,,,,,
yokK,BSU21560,,,,,
yokJ,BSU21570,,,,,
yokI,BSU21580,,,,,
yokH,BSU21590,,,,,
yokG,BSU21600,,,,,
yokF,BSU21610,,,,,
yokE,BSU21620,,,,,
yokD,BSU21630,,,,,
yokC,BSU21640,,,,,
yokB,BSU21650,,,,,
yokA,BSU21660,,,,,
msrB,BSU21680,,yppQ,,,
msrA,BSU21690,,yppP,,,
ypoP,BSU21700,,,,,
ypnP,BSU21710,,,,,
ypmT,BSU21720,,,,,
ypmS,BSU21730,,,,,
ypmR,BSU21740,,yzjA,,,
ypmQ,BSU21750,,,,,
ypmP,BSU21760,,,,,
ilvA,BSU21770,,,,,
yplP,BSU21780,,,,,
yplQ,BSU21790,,,,,
ypkP,BSU21800,,,,,
dfrA,BSU21810,,,,,
thyA2,BSU21820,,thyB,,,
ypjQ,BSU21830,,,,,
ypjP,BSU21840,,,,,
ypiP,BSU21850,,,,,
yphP,BSU21860,,,,,
ilvD,BSU21870,,,,,
ypgR,BSU21880,,,,,
ypgQ,BSU21890,,,,,
bsaA,BSU21900,,,,,
metAA,BSU21910,,metA,metB,,
ugtP,BSU21920,,ypfP,,,
cspD,BSU21930,,,,,
degR,BSU21940,,prtR,,,
ypzA,BSU21950,,,,,
ypeQ,BSU21960,,,,,
ypeP,BSU21970,,,,,
ypdP,BSU21980,,,,,
rnhA,BSU21990,,ypdQ,,,
sspL,BSU22000,,,,,
ypcP,BSU22010,,,,,
ypzF,BSU22019,,,,,
ypbS,BSU22020,,,,,
ypbR,BSU22030,,,,,
ypbQ,BSU22040,,,,,
bcsA,BSU22050,,,,,
pbuX,BSU22060,,ypaQ,,,
xpt,BSU22070,,,,,
ypwA,BSU22080,,,,,
kdgT,BSU22090,,,,,
kdgA,BSU22100,,,,,
kdgK,BSU22110,,,,,
kdgR,BSU22120,,,,,
kduI,BSU22130,,,,,
kduD,BSU22140,,,,,
ypvA,BSU22150,,,,,
yptA,BSU22160,,,,,
ypzG,BSU22169,,,,,
ypsC,BSU22170,,,,,
gpsB,BSU22180,,ypsB,,,
ypsA,BSU22190,,,,,
cotD,BSU22200,,,,,
yprB,BSU22210,,,,,
yprA,BSU22220,,,,,
ypqE,BSU22230,,,,,
ypqA,BSU22240,,,,,
yppG,BSU22250,,,,,
yppF,BSU22260,,,,,
yppE,BSU22270,,,,,
yppD,BSU22280,,,,,
sspM,BSU22290,,,,,
yppC,BSU22300,,,,,
recU,BSU22310,,prfA,yppB,,
ponA,BSU22320,,,,,
ypoC,BSU22330,,jooC,,,
nth,BSU22340,,jooB,ypoB,,
dnaD,BSU22350,,,,,
asnS,BSU22360,,,,,
aspB,BSU22370,,,,,
ypmB,BSU22380,,,,,
ypmA,BSU22390,,,,,
dinG,BSU22400,,,,,
panD,BSU22410,,,,,
panC,BSU22420,,,,,
panB,BSU22430,,,,,
birA,BSU22440,,,,,
cca,BSU22450,,papS,ypjI,,
bshA,BSU22460,,jojH,ypjH,,
bshB1,BSU22470,,jojG,ypjG,,
mgsA,BSU22480,,ypjF,,,
dapB,BSU22490,,,,,
ypjD,BSU22500,,jojD,,,
ypjC,BSU22510,,jojC,,,
ypjB,BSU22520,,,,,
ypjA,BSU22530,,,,,
qcrC,BSU22540,,bfcC,,,
qcrB,BSU22550,,bfcB,,,
qcrA,BSU22560,,bfcA,,,
ypiF,BSU22570,,,,,
ypiB,BSU22580,,,,,
ypiA,BSU22590,,,,,
aroA,BSU22600,,aroE,,,
tyrA,BSU22610,,,,,
hisC,BSU22620,,hisH,,,
trpA,BSU22630,,,,,
trpB,BSU22640,,,,,
trpF,BSU22650,,,,,
trpC,BSU22660,,,,,
trpD,BSU22670,,,,,
trpE,BSU22680,,,,,
aroH,BSU22690,,,,,
aroB,BSU22700,,,,,
aroC,BSU22710,,aroF,,,
cheR,BSU22720,,,,,
ndk,BSU22730,,,,,
hepT,BSU22740,,gerC3,gerCC,hepB,
menG,BSU22750,,gerC2,gerCB,menH,
hepS,BSU22760,,gerC1,gerCA,hepA,
mtrB,BSU22770,,,,,
folE,BSU22780,,mtrA,,,
hupA,BSU22790,,dbpA,hbs,hbsU,
spoIVA,BSU22800,,spoVP,,,
yphF,BSU22810,,johF,,,
yphE,BSU22820,,,,,
gpsA,BSU22830,,glyC,,,
der,BSU22840,,engA,yphC,,
ypzH,BSU22849,,,,,
yphB,BSU22850,,,,,
yphA,BSU22860,,,,,
ypzI,BSU22869,,,,,
fni,BSU22870,,idi,ypgA,,
ypfD,BSU22880,,jofD,,,
cmk,BSU22890,,jofC,ypfC,,
ypfB,BSU22900,,jofB,,,
ypfA,BSU22910,,jofA,,,
ypeB,BSU22920,,joeB,yzuA,,
sleB,BSU22930,,ypeA,,,
prsW,BSU22940,,ypdC,,,
ypdA,BSU22950,,,,,
gudB,BSU22960,,ypcA,,,
mecB,BSU22970,,ypbH,,,
ypbG,BSU22980,,,,,
ypbF,BSU22990,,,,,
ypbE,BSU23000,,,,,
ypbD,BSU23010,,,,,
recS,BSU23020,,ypbC,,,
ypbB,BSU23030,,,,,
fer,BSU23040,,ypbA,,,
fmnP,BSU23050,,ribU,ypaA,,
serA,BSU23070,,,,,
aroD,BSU23080,,aroC,,,
rsiX,BSU23090,,ypuN,,,
sigX,BSU23100,,ypuM,,,
resE,BSU23110,,ypxE,,,
resD,BSU23120,,ypxD,,,
resC,BSU23130,,ypxC,,,
resB,BSU23140,,ypxB,,,
resA,BSU23150,,ypxA,,,
rluB,BSU23160,,ypuL,,,
spmB,BSU23170,,ypuK,,,
spmA,BSU23180,,ypuJ,,,
dacB,BSU23190,,,,,
ypuI,BSU23200,,,,,
scpB,BSU23210,,ypuH,,,
scpA,BSU23220,,ypuG,,,
ypuF,BSU23230,,,,,
ribT,BSU23240,,,,,
ribH,BSU23250,,,,,
ribBA,BSU23260,,ribA,,,
ribE,BSU23270,,ribB,,,
ribD,BSU23280,,ribG,,,
ypuE,BSU23290,,,,,
ypuD,BSU23300,,,,,
sipS,BSU23310,,,,,
ypzC,BSU23320,,,,,
ypzJ,BSU23328,,,,,
ypuB,BSU23340,,,,,
ypzD,BSU23350,,,,,
ppiB,BSU23360,,,,,
ypuA,BSU23370,,,,,
lysA,BSU23380,,lys,,,
spoVAF,BSU23390,,,,,
spoVAEA,BSU23401,,spoVAE,,,
spoVAEB,BSU23402,,,,,
spoVAD,BSU23410,,,,,
spoVAC,BSU23420,,,,,
spoVAB,BSU23430,,,,,
spoVAA,BSU23440,,,,,
sigF,BSU23450,,spoIIAC,,,
spoIIAB,BSU23460,,,,,
spoIIAA,BSU23470,,,,,
dacF,BSU23480,,,,,
punA,BSU23490,,deoD,pnp,yqkO,
drm,BSU23500,,yqkN,,,
xerD,BSU23510,,ripX,ykqM,,
yqzK,BSU23519,,,,,
fur,BSU23520,,yqkL,,,
spoIIM,BSU23530,,,,,
yqkK,BSU23540,,,,,
yqkJ,BSU23550,,,,,
mleN,BSU23560,,yqkI,,,
ansB,BSU23570,,,,,
ansA,BSU23580,,,,,
ansR,BSU23590,,,,,
yqxK,BSU23600,,yqkH,,,
nudF,BSU23610,,yqkG,,,
yqkF,BSU23620,,,,,
yqkE,BSU23630,,,,,
yqkD,BSU23640,,,,,
yqkC,BSU23650,,,,,
yqkB,BSU23660,,,,,
yqkA,BSU23670,,,,,
yqjZ,BSU23680,,,,,
yqjY,BSU23690,,,,,
yqjX,BSU23700,,,,,
dinB2,BSU23710,,yqjW,,,
yqzH,BSU23720,,,,,
yqjV,BSU23730,,,,,
yqjU,BSU23740,,,,,
yqjT,BSU23750,,,,,
coaA,BSU23760,,yqjS,,,
dsdA,BSU23770,,yqjR,,,
yqjQ,BSU23780,,,,,
yqjP,BSU23790,,,,,
proI,BSU23800,,yqjO,,,
yqjN,BSU23810,,,,,
namA,BSU23820,,yqjM,,,
yqjL,BSU23830,,,,,
rnz,BSU23840,,yqjK,,,
zwf,BSU23850,,yqjJ,,,
gndA,BSU23860,,yqjI,,,
dinB1,BSU23870,,yqjH,,,
mifM,BSU23880,,yqzJ,,,
misCB,BSU23890,,yqjG,,,
yqjF,BSU23900,,,,,
yqjE,BSU23910,,,,,
yqjD,BSU23920,,,,,
yqjC,BSU23930,,,,,
yqjB,BSU23940,,,,,
yqjA,BSU23950,,,,,
artM,BSU23960,,yqiZ,,,
artQ,BSU23970,,yqiY,,,
artP,BSU23980,,yqiX,,,
yqiW,BSU23990,,,,,
bmrU,BSU24000,,,,,
bmr,BSU24010,,bmr1,,,
bmrR,BSU24020,,bmr1R,,,
bfmBB,BSU24030,,bfmB,bfmB2,,
bfmBAB,BSU24040,,bfmB1b,,,
bfmBAA,BSU24050,,bfmB1a,,,
bfmBC,BSU24060,,yqiV,,,
buk,BSU24070,,yqiU,,,
yqiT,BSU24080,,,,,
yqiS,BSU24090,,,,,
yqiR,BSU24100,,,,,
yqzF,BSU24110,,,,,
mmgF,BSU24120,,prpB,yqiQ,,
mmgE,BSU24130,,prpD,yqiP,,
mmgD,BSU24140,,yqiO,,,
mmgC,BSU24150,,yqiN,,,
mmgB,BSU24160,,yqiM,,,
mmgA,BSU24170,,yqiL,,,
yqiK,BSU24180,,,,,
yqiI,BSU24190,,,,,
yqiH,BSU24200,,yzpA,,,
yqiG,BSU24210,,,,,
spo0A,BSU24220,,spo0C,spo0G,,
spoIVB,BSU24230,,,,,
recN,BSU24240,,,,,
argR,BSU24250,,ahrC,,,
yqxC,BSU24260,,yqiF,,,
dxs,BSU24270,,yqiE,,,
ispA,BSU24280,,yqiD,,,
xseB,BSU24290,,yqiC,,,
xseA,BSU24300,,yqiB,,,
folD,BSU24310,,yqiA,,,
nusB,BSU24320,,yqhZ,,,
yqhY,BSU24330,,,,,
accC1,BSU24340,,accC,yqhX,,
accB,BSU24350,,fabE,yqhW,,
spoIIIAH,BSU24360,,,,,
spoIIIAG,BSU24370,,,,,
spoIIIAF,BSU24380,,,,,
spoIIIAE,BSU24390,,,,,
spoIIIAD,BSU24400,,,,,
spoIIIAC,BSU24410,,,,,
spoIIIAB,BSU24420,,,,,
spoIIIAA,BSU24430,,,,,
yqhV,BSU24440,,yqgE,,,
efp,BSU24450,,yqgF,yqhU,,
yqhT,BSU24460,,,,,
yqhS,BSU24470,,,,,
yqhR,BSU24480,,,,,
yqhQ,BSU24490,,,,,
yqhP,BSU24500,,,,,
yqhO,BSU24510,,,,,
mntR,BSU24520,,yqhN,,,
lipM,BSU24530,,yqhM,,,
yqhL,BSU24540,,,,,
gcvPB,BSU24550,,yqhK,,,
gcvPA,BSU24560,,yqhJ,,,
gcvT,BSU24570,,yqhI,,,
yqhH,BSU24580,,,,,
yqhG,BSU24590,,,,,
sinI,BSU24600,,,,,
sinR,BSU24610,,flaD,sin,,
tasA,BSU24620,,cotN,yqhF,,
sipW,BSU24630,,yqhE,,,
tapA,BSU24640,,yqhD,yqxM,,
yqzG,BSU24650,,,,,
yqzE,BSU24660,,,,,
comGG,BSU24670,,comG7,,,
comGF,BSU24680,,comG6,,,
comGE,BSU24690,,comG5,,,
comGD,BSU24700,,comG4,,,
comGC,BSU24710,,comG3,,,
comGB,BSU24720,,comG2,,,
comGA,BSU24730,,comG1,,,
corA,BSU24740,,yqhC,yqxL,,
yqhB,BSU24750,,,,,
rsbRD,BSU24760,,yqhA,,,
mgsR,BSU24770,,yqgZ,,,
yqgY,BSU24780,,,,,
yqgX,BSU24790,,,,,
yqgW,BSU24800,,,,,
yqgV,BSU24810,,,,,
yqgU,BSU24820,,,,,
yqgT,BSU24830,,,,,
yqgS,BSU24840,,,,,
glcK,BSU24850,,yqgR,,,
yqgQ,BSU24860,,,,,
gluP,BSU24870,,yqgP,,,
yqgO,BSU24880,,,,,
yqgN,BSU24890,,,,,
rpmGA,BSU24900,,rpmG1,,,
yqgM,BSU24910,,,,,
yqgL,BSU24920,,,,,
yqzD,BSU24930,,,,,
yqzC,BSU24940,,,,,
pstB1,BSU24950,,pstBB,yqgK,yzmF,
pstB2,BSU24960,,pstBA,yqgJ,yzmE,
yqgI,BSU24970,,yzmD,,,
yqgH,BSU24980,,yzmC,,,
pstS,BSU24990,,yqgG,yzmB,,
pbpA,BSU25000,,yqgF,,,
yqgE,BSU25010,,,,,
sodA,BSU25020,,yqgD,,,
yqgC,BSU25030,,,,,
yqgB,BSU25040,,,,,
yqgA,BSU25050,,,,,
yqfZ,BSU25060,,,,,
ispG,BSU25070,,yqfY,,,
yqfX,BSU25080,,,,,
yqfW,BSU25090,,,,,
zur,BSU25100,,yqfV,,,
yqfU,BSU25110,,,,,
yqfT,BSU25120,,,,,
nfo,BSU25130,,yqfS,,,
cshB,BSU25140,,yqfR,,,
yqfQ,BSU25150,,,,,
ispH,BSU25160,,yqfP,,,
yqfO,BSU25170,,,,,
trmK,BSU25180,,yqfN,,,
cccA,BSU25190,,,,,
sigA,BSU25200,,rpoD,,,
dnaG,BSU25210,,dnaE,,,
antE,BSU25220,,,,,
yqxD,BSU25230,,yqfM,,,
yqfL,BSU25240,,,,,
ccpN,BSU25250,,yqzB,,,
glyS,BSU25260,,yqfK,,,
glyQ,BSU25270,,yqfJ,,,
recO,BSU25280,,yqfI,yqxN,,
yqzL,BSU25289,,,,,
era,BSU25290,,bex,yqfH,,
cdd,BSU25300,,,,,
dgkA,BSU25310,,dgk,yqxF,,
ybeY,BSU25320,,yqfG,,,
pgpH,BSU25330,,yqfF,,,
phoH,BSU25340,,yqfE,,,
yqfD,BSU25350,,,,,
yqfC,BSU25360,,,,,
yqfB,BSU25370,,,,,
yqfA,BSU25380,,,,,
yqeZ,BSU25390,,,,,
yqeY,BSU25400,,,,,
rpsU,BSU25410,,yqeX,,,
yqeW,BSU25420,,,,,
mtaB,BSU25430,,tmtB,yqeV,,
rsmE,BSU25440,,yqeU,,,
prmA,BSU25450,,yqeT,,,
dnaJ,BSU25460,,,,,
dnaK,BSU25470,,,,,
grpE,BSU25480,,,,,
hrcA,BSU25490,,yqeS,yqxE,,
hemW,BSU25500,,hemN,yqeR,,
lepA,BSU25510,,yqeQ,yqxB,,
yqxA,BSU25520,,yqeP,,,
spoIIP,BSU25530,,,,,
gpr,BSU25540,,,,,
rpsT,BSU25550,,yqeO,,,
yqeN,BSU25560,,,,,
yqzM,BSU25569,,,,,
comEC,BSU25570,,comE3,,,
comEB,BSU25580,,comE2,,,
comEA,BSU25590,,comE1,,,
comER,BSU25600,,comE4,comED,,
yqeM,BSU25610,,,,,
rsfS,BSU25620,,yqeL,,,
yqeK,BSU25630,,,,,
nadD,BSU25640,,yqeJ,,,
yqeI,BSU25650,,,,,
aroE,BSU25660,,aroD,,,
yqeH,BSU25670,,,,,
yqeG,BSU25680,,,,,
sda,BSU25690,,,,,
yqeF,BSU25700,,,,,
cwlH,BSU25710,,yqeE,,,
yqeD,BSU25720,,,,,
yqeC,BSU25730,,,,,
yqeB,BSU25740,,,,,
nucB,BSU25750,,,,,
sigK,BSU26390,BSU25760,cisB,spoIIIC,spoIVCB,
cisA,BSU25770,,spoIVCA,,,
arsC,BSU25780,,yqcM,,,
arsB,BSU25790,,yqcL,,,
yqcK,BSU25800,,,,,
arsR,BSU25810,,yqcJ,,,
yqcI,BSU25820,,,,,
rapE,BSU25830,,yqcH,,,
phrE,BSU25840,,,,,
yqzI,BSU25850,,,,,
yqcG,BSU25860,,,,,
yqcF,BSU25870,,,,,
yqxJ,BSU25880,,yqdF,,,
yqxI,BSU25890,,yqdE,,,
cwlA,BSU25900,,,,,
yqxH,BSU25910,,yqdD,,,
yqxG,BSU25920,,yqdC,,,
yqcE,BSU25930,,,,,
yqcD,BSU25940,,,,,
yqcC,BSU25950,,,,,
yqcB,BSU25960,,,,,
yqcA,BSU25970,,,,,
yqbT,BSU25980,,,,,
yqbS,BSU25990,,,,,
yqbR,BSU26000,,,,,
yqbQ,BSU26010,,,,,
yqbP,BSU26020,,,,,
yqbO,BSU26030,,,,,
yqbN,BSU26040,,,,,
txpA,BSU26050,,yqcR,yqdB,,
yqbM,BSU26060,,,,,
yqbK,BSU26080,,yqbL,,,
yqzN,BSU26089,,,,,
yqbJ,BSU26090,,,,,
yqbI,BSU26100,,,,,
yqbH,BSU26110,,,,,
yqbG,BSU26120,,,,,
yqbF,BSU26130,,,,,
yqbE,BSU26140,,,,,
yqbD,BSU26150,,,,,
yqbC,BSU26160,,,,,
yqbB,BSU26170,,,,,
yqbA,BSU26180,,,,,
yqaT,BSU26190,,,,,
yqaS,BSU26200,,,,,
yqaR,BSU26210,,,,,
yqaQ,BSU26220,,,,,
yqaP,BSU26230,,,,,
yqaO,BSU26240,,,,,
yqaN,BSU26250,,,,,
yqzO,BSU26259,,,,,
yqaM,BSU26260,,,,,
yqaL,BSU26270,,,,,
yqaK,BSU26280,,,,,
yqaJ,BSU26290,,,,,
yqaI,BSU26300,,,,,
yqaH,BSU26310,,,,,
yqaG,BSU26320,,,,,
yqdA,BSU26330,,yqcS,,,
yqaF,BSU26340,,,,,
yqaE,BSU26350,,,,,
yqaD,BSU26360,,,,,
yqaC,BSU26370,,,,,
yqaB,BSU26380,,,,,
yrkS,BSU26400,,,,,
psiE,BSU26410,,yrkR,,,
yrkQ,BSU26420,,,,,
yrkP,BSU26430,,,,,
yrkO,BSU26440,,,,,
yrkN,BSU26450,,,,,
yrkL,BSU26470,,,,,
yrkK,BSU26480,,,,,
yrkJ,BSU26490,,,,,
yrkI,BSU26500,,,,,
yrkH,BSU26510,,,,,
yrkF,BSU26530,,,,,
yrkE,BSU26540,,,,,
yrkD,BSU26550,,,,,
yrkC,BSU26560,,,,,
yrkB,BSU26570,,,,,
bltR,BSU26580,,bmr2R,bmtR,,
blt,BSU26590,,bmr2,bmt,,
bltD,BSU26600,,bmr2D,bmtD,,
yrkA,BSU26610,,,,,
yrzO,BSU26619,,,,,
yrdR,BSU26620,,,,,
czcR,BSU26630,,czcD,yrdQ,,
czcO,BSU26640,,trkA,yrdP,,
czcD,BSU26650,,yrdO,,,
yrdN,BSU26660,,,,,
gltR,BSU26670,,yrdL,,,
yrdK,BSU26680,,,,,
brnQ,BSU26690,,yrdJ,,,
azlD,BSU26700,,yrdI,,,
azlC,BSU26710,,yrdH,,,
azlB,BSU26720,,yrdG,,,
yrdF,BSU26730,,,,,
cypA,BSU26740,,CYP107J1,yrdE,,
yrdC,BSU26760,,,,,
yrdB,BSU26770,,,,,
yrdA,BSU26780,,,,,
aadK,BSU26790,,,,,
yrpB,BSU26800,,,,,
yrpC,BSU26810,,,,,
yrpD,BSU26820,,,,,
yrpE,BSU26830,,,,,
sigZ,BSU26840,,,,,
yrpG,BSU26850,,,,,
yraO,BSU26860,,,,,
yraN,BSU26870,,,,,
yraM,BSU26880,,,,,
csn,BSU26890,,,,,
yraL,BSU26900,,,,,
yraK,BSU26910,,,,,
yraJ,BSU26920,,,,,
yraI,BSU26930,,,,,
yraH,BSU26940,,,,,
yraG,BSU26950,,,,,
yraF,BSU26960,,,,,
adhB,BSU26970,,,,,
yraE,BSU26980,,,,,
yraD,BSU26990,,,,,
adhR,BSU27000,,yraB,,,
adhA,BSU27010,,,,,
yraA,BSU27020,,,,,
sacC,BSU27030,,,,,
levG,BSU27040,,,,,
levF,BSU27050,,,,,
levE,BSU27060,,sacL,,,
levD,BSU27070,,sacL,,,
levR,BSU27080,,,,,
aapA,BSU27090,,,,,
yrhP,BSU27100,,,,,
yrhO,BSU27110,,,,,
sigV,BSU27120,,,,,
rsiV,BSU27130,,yrhM,,,
yrhL,BSU27140,,,,,
yrhK,BSU27150,,,,,
cypB,BSU27160,,cyp102A3,yrhJ,,
fatR,BSU27170,,bscR,yrhI,,
yrhH,BSU27180,,,,,
yrzI,BSU27190,,,,,
yrhG,BSU27200,,,,,
yrhF,BSU27210,,,,,
yrhE,BSU27220,,,,,
yrhD,BSU27230,,,,,
yrhC,BSU27240,,,,,
mccB,BSU27250,,yrhB,,,
mccA,BSU27260,,yrhA,,,
mtnN,BSU27270,,mtn,pfs,,
yrrT,BSU27280,,,,,
yrzA,BSU27290,,,,,
yrrS,BSU27300,,,,,
pbpI,BSU27310,,yrrR,,,
greA,BSU27320,,,,,
udk,BSU27330,,,,,
trhP1,BSU27340,,yrrO,,,
trhP2,BSU27350,,yrrN,,,
trmR,BSU27360,,yrrM,,,
mltG,BSU27370,,yrrL,,,
yrzB,BSU27380,,,,,
yrrK,BSU27390,,yqgf,,,
yrzL,BSU27400,,,,,
alaS,BSU27410,,,,,
yrrI,BSU27420,,,,,
glnQ,BSU27430,,,,,
glnH,BSU27440,,,,,
glnM,BSU27450,,,,,
glnP,BSU27460,,,,,
yrzQ,BSU27468,,,,,
yrzR,BSU27469,,,,,
yrrD,BSU27470,,,,,
yrrC,BSU27480,,recD2,,,
yrrB,BSU27490,,,,,
mnmA,BSU27500,,trmU,yrrA,,
iscS1,BSU27510,,yrvO,,,
cymR,BSU27520,,yrzC,,,
yrvN,BSU27530,,,,,
tcdA,BSU27540,,yrvM,,,
aspS,BSU27550,,,,,
hisS,BSU27560,,,,,
yrzK,BSU27570,,,,,
yrvJ,BSU27580,,,,,
dtd,BSU27590,,yrvI,,,
relA,BSU27600,,,,,
apt,BSU27610,,,,,
recJ,BSU27620,,yrvE,,,
yrvD,BSU27630,,,,,
yrvC,BSU27640,,,,,
secDF,BSU27650,,,,,
comN,BSU27660,,yrzD,,,
spoVB,BSU27670,,spoIIIF,,,
yrbG,BSU27680,,,,,
yrzE,BSU27690,,,,,
yrbF,BSU27700,,yjaC,,,
tgt,BSU27710,,,,,
queA,BSU27720,,,,,
yrzS,BSU27729,,,,,
ruvB,BSU27730,,,,,
ruvA,BSU27740,,,,,
bofC,BSU27750,,,,,
csbX,BSU27760,,,,,
yrbE,BSU27770,,,,,
yrzF,BSU27785,,,,,
yrzH,BSU27800,,,,,
yrzT,BSU27809,,,,,
yrbD,BSU27810,,,,,
yrbC,BSU27820,,,,,
coxA,BSU27830,,yrbB,,,
safA,BSU27840,,yrbA,,,
nadA,BSU27850,,,,,
nadC,BSU27860,,yrxB,,,
nadB,BSU27870,,,,,
nifS,BSU27880,,iscS,,,
nadR,BSU27890,,niaR,yrxA,,
pheA,BSU27900,,,,,
yszB,BSU27910,,pheB,,,
obg,BSU27920,,,,,
spo0B,BSU27930,,spo0D,,,
rpmA,BSU27940,,,,,
ysxB,BSU27950,,,,,
rplU,BSU27960,,,,,
spoIVFB,BSU27970,,bofB,,,
spoIVFA,BSU27980,,bofB,,,
minD,BSU27990,,divIVB,,,
minC,BSU28000,,,,,
mreD,BSU28010,,rodB,,,
mreC,BSU28020,,,,,
mreB,BSU28030,,,,,
ysxA,BSU28040,,,,,
maf,BSU28050,,,,,
spoIIB,BSU28060,,,,,
comC,BSU28070,,,,,
folC,BSU28080,,,,,
valS,BSU28090,,,,,
yszA,BSU28099,,,,,
ysxE,BSU28100,,,,,
spoVID,BSU28110,,,,,
hemL,BSU28120,,hemK,,,
hemB,BSU28130,,,,,
hemD,BSU28140,,,,,
hemC,BSU28150,,,,,
hemX,BSU28160,,,,,
hemA,BSU28170,,,,,
ysxD,BSU28180,,,,,
engB,BSU28190,,ysxC,,,
lon1,BSU28200,,lonA,,,
lon2,BSU28210,,lonB,ysxF,,
clpX,BSU28220,,,,,
tig,BSU28230,,yzzH,,,
ysoA,BSU28240,,,,,
leuD,BSU28250,,,,,
leuC,BSU28260,,,,,
leuB,BSU28270,,leuC,,,
leuA,BSU28280,,,,,
ilvC,BSU28290,,,,,
ilvH,BSU28300,,ilvN,,,
ilvB,BSU28310,,,,,
ysnD,BSU28320,,,,,
ysnE,BSU28330,,,,,
ysnF,BSU28340,,,,,
ysnB,BSU28350,,,,,
ysnA,BSU28360,,,,,
rph,BSU28370,,,,,
gerM,BSU28380,,,,,
racE,BSU28390,,glr,murI,,
ysmB,BSU28400,,,,,
gerE,BSU28410,,,,,
ysmA,BSU28420,,,,,
sdhB,BSU28430,,,,,
sdhA,BSU28440,,citF,,,
sdhC,BSU28450,,,,,
yslB,BSU28460,,,,,
lysC,BSU28470,,,,,
ask,BSU28480,,aecA,,,
uvrC,BSU28490,,,,,
trxA,BSU28500,,trx,,,
abf2,BSU28510,,asd,xsa,,
etfA,BSU28520,,,,,
etfB,BSU28530,,,,,
fadB,BSU28540,,ysiB,,,
fadR,BSU28550,,ysiA,,,
lcfA,BSU28560,,,,,
yshE,BSU28570,,,,,
mutSB,BSU28580,,mutS2,yshD,,
polX,BSU28590,,yshC,,,
yshB,BSU28600,,,,,
zapA,BSU28610,,yshA,,,
rnhC,BSU28620,,ysgB,,,
pheT,BSU28630,,,,,
pheS,BSU28640,,,,,
ysgA,BSU28650,,,,,
sspI,BSU28660,,ysfA,,,
ysfB,BSU28670,,,,,
glcD,BSU28680,,ysfC,,,
glcF,BSU28690,,ysfD,,,
ysfE,BSU28700,,,,,
cstA,BSU28710,,,,,
abfA,BSU28720,,,,,
araQ,BSU28730,,yseE,,,
araP,BSU28740,,yseD,,,
araN,BSU28750,,yseC,,,
egsA,BSU28760,,araM,yseB,,
araL,BSU28770,,yseA,,,
araD,BSU28780,,,,,
araB,BSU28790,,,,,
araA,BSU28800,,,,,
abnA,BSU28810,,,,,
ysdC,BSU28820,,,,,
ysdB,BSU28830,,,,,
ysdA,BSU28840,,,,,
rplT,BSU28850,,,,,
rpmI,BSU28860,,,,,
infC,BSU28870,,,,,
yscB,BSU28890,,,,,
lrgB,BSU28900,,ysbB,,,
lrgA,BSU28910,,ysbA,,,
lytT,BSU28920,,,,,
lytS,BSU28930,,,,,
serB,BSU28940,,ysaA,,,
thrS,BSU28950,,thrSV,,,
ytxC,BSU28960,,,,,
ytxB,BSU28970,,,,,
dnaI,BSU28980,,ytxA,,,
dnaB,BSU28990,,,,,
nrdR,BSU29000,,ytcG,,,
speH,BSU29010,,speD,ytcF,,
gapB,BSU29020,,,,,
ytcD,BSU29030,,,,,
ytbD,BSU29040,,,,,
ytbE,BSU29050,,,,,
coaE,BSU29060,,ytaG,,,
ytaF,BSU29070,,,,,
mutM,BSU29080,,fpg,ytaE,,
polA,BSU29090,,,,,
phoR,BSU29100,,,,,
phoP,BSU29110,,,,,
mdh,BSU29120,,citH,,,
icd,BSU29130,,citC,,,
citZ,BSU29140,,citA2,,,
ytwI,BSU29150,,,,,
ytvI,BSU29160,,,,,
ytzA,BSU29170,,,,,
pyk,BSU29180,,pykA,,,
pfkA,BSU29190,,pfk,,,
accA,BSU29200,,,,,
accD,BSU29210,,yttI,,,
ytsJ,BSU29220,,,,,
dnaE,BSU29230,,,,,
ytrH,BSU29239,,spoVIGA,,,
ytrI,BSU29240,,,,,
ytzJ,BSU29249,,,,,
nrnA,BSU29250,,ytqI,,,
ytpI,BSU29260,,,,,
ytoI,BSU29270,,yodW,,,
ytnM,BSU29280,,,,,
ytnL,BSU29290,,,,,
ribR,BSU29300,,ytnK,,,
moxC,BSU29310,,ytnJ,,,
ytnI,BSU29320,,,,,
ytmO,BSU29330,,,,,
tcyN,BSU29340,,ytmN,,,
tcyM,BSU29350,,ytmM,,,
tcyL,BSU29360,,ytmL,,,
tcyK,BSU29370,,ytmK,,,
tcyJ,BSU29380,,ytmJ,,,
ytmI,BSU29390,,,,,
ytlI,BSU29400,,,,,
ytkL,BSU29410,,,,,
ytkK,BSU29420,,,,,
ytzD,BSU29430,,,,,
argH,BSU29440,,,,,
argG,BSU29450,,,,,
moaB,BSU29460,,,,,
ackA,BSU29470,,,,,
ytxK,BSU29480,,ythI,,,
tpx,BSU29490,,ytgI,,,
ytfJ,BSU29500,,,,,
ytfI,BSU29510,,,,,
yteJ,BSU29520,,,,,
sppA,BSU29530,,yteI,,,
nadK2,BSU29540,,,,,
ytcJ,BSU29550,,,,,
ytcI,BSU29560,,,,,
sspA,BSU29570,,,,,
thiI,BSU29580,,ytbJ,,,
iscS2,BSU29590,,nifS2,,,
braB,BSU29600,,,,,
ezrA,BSU29610,,ytwP,,,
hisK,BSU29620,,hisJ,,,
yttP,BSU29630,,,,,
ytsP,BSU29640,,,,,
ytrP,BSU29650,,,,,
rpsD,BSU29660,,,,,
tyrS1,BSU29670,,,,,
acsA,BSU29680,,,,,
acuA,BSU29690,,,,,
acuB,BSU29700,,,,,
acuC,BSU29710,,,,,
ytxE,BSU29720,,,,,
ytxD,BSU29730,,,,,
ccpA,BSU29740,,alsA,amyR,graR,
aroA,BSU29750,,,,,
ytxJ,BSU29760,,,,,
ytxH,BSU29770,,,,,
ytxG,BSU29780,,,,,
murC,BSU29790,,ytxF,,,
sftA,BSU29805,,ytpS,ytpT,,
ytpR,BSU29820,,,,,
ytpQ,BSU29830,,,,,
ytpP,BSU29840,,,,,
ytoQ,BSU29850,,,,,
ytoP,BSU29860,,,,,
ytzB,BSU29870,,,,,
malS,BSU29880,,,,,
ytnP,BSU29890,,,,,
trmB,BSU29900,,ytmQ,,,
ytzH,BSU29910,,,,,
ytmP,BSU29920,,,,,
amyX,BSU29930,,,,,
ytlR,BSU29940,,,,,
ytlQ,BSU29950,,,,,
ytlP,BSU29960,,,,,
ytkP,BSU29970,,,,,
ytjP,BSU29980,,,,,
pbuO,BSU29990,,ytiP,,,
ythQ,BSU30000,,,,,
ythP,BSU30010,,,,,
ytzE,BSU30020,,,,,
ytzG,BSU30035,,ytzF,,,
murJ,BSU30050,,ytgP,,,
ytfP,BSU30060,,,,,
opuD,BSU30070,,ytfQ,,,
cse60,BSU30080,,yteV,,,
yteU,BSU30090,,,,,
yteT,BSU30100,,,,,
yteS,BSU30110,,,,,
yteR,BSU30120,,,,,
yteP,BSU30135,,yteQ,,,
ytdP,BSU30150,,,,,
ytcQ,BSU30160,,,,,
ytcP,BSU30170,,,,,
ytbQ,BSU30180,,,,,
bioI,BSU30190,,CYP107H,,,
bioB,BSU30200,,,,,
bioD,BSU30210,,,,,
bioF,BSU30220,,,,,
bioK,BSU30230,,bioA,,,
bioW,BSU30240,,,,,
ytaP,BSU30250,,,,,
melR,BSU30260,,msmR,,,
melE,BSU30270,,msmE,,,
melD,BSU30280,,amyD,,,
melC,BSU30290,,amyC,,,
melA,BSU30300,,,,,
ytwF,BSU30310,,,,,
leuS,BSU30320,,,,,
ytvB,BSU30330,,,,,
pfyP,BSU30340,,ytvA,,,
yttB,BSU30350,,,,,
yttA,BSU30360,,,,,
bceB,BSU30370,,barD,ytsD,,
bceA,BSU30380,,barC,ytsC,,
bceS,BSU30390,,barB,ytsB,,
bceR,BSU30400,,barA,ytsA,,
ytrF,BSU30410,,,,,
ytrE,BSU30420,,,,,
ytrD,BSU30430,,,,,
ytrC,BSU30440,,,,,
ytrB,BSU30450,,,,,
ytrA,BSU30460,,,,,
ytzC,BSU30470,,,,,
ytqA,BSU30480,,,,,
ytqB,BSU30490,,,,,
ytpB,BSU30500,,,,,
ytpA,BSU30510,,,,,
ytoA,BSU30520,,,,,
ytnA,BSU30530,,,,,
asnB,BSU30540,,asn,,,
metK,BSU30550,,metE,,,
pckA,BSU30560,,ppc,,,
ytmB,BSU30570,,,,,
ytmA,BSU30580,,,,,
ytlA,BSU30595,,ytlB,,,
ytlC,BSU30610,,,,,
ytlD,BSU30620,,,,,
ytkD,BSU30630,,mutTA,,,
ytkC,BSU30640,,,,,
dps,BSU30650,,ytkB,,,
ytzI,BSU30659,,,,,
ytkA,BSU30660,,yznA,,,
luxS,BSU30670,,ytjB,,,
ytjA,BSU30680,,,,,
ytiB,BSU30690,,,,,
rpmE2,BSU30700,,ytiA,,,
ythA,BSU30710,,,,,
ythB,BSU30720,,,,,
ytzL,BSU30739,,,,,
mntD,BSU30740,,ytgD,,,
mntC,BSU30750,,ytgC,,,
mntB,BSU30760,,ytgB,,,
mntA,BSU30770,,ytgA,,,
menC,BSU30780,,ytfD,,,
menE,BSU30790,,,,,
menB,BSU30800,,,,,
menH,BSU30810,,ytfB,ytxM,,
menD,BSU30820,,,,,
menF,BSU30830,,icsM,,,
yteA,BSU30840,,yzwB,,,
ytdA,BSU30850,,yzwA,,,
ytcA,BSU30860,,,,,
ytcB,BSU30870,,,,,
ytcC,BSU30880,,,,,
ytxO,BSU30890,,ytbB,,,
cotS,BSU30900,,,,,
cotSA,BSU30910,,ytbA,ytxN,,
cotI,BSU30920,,ytaA,,,
ytaB,BSU30930,,,,,
glgP,BSU30940,,,,,
glgA,BSU30950,,,,,
glgD,BSU30960,,,,,
glgC,BSU30970,,,,,
glgB,BSU30980,,,,,
thiT,BSU30990,,yuaJ,,,
yuaI,BSU31000,,,,,
yuaG,BSU31010,,yuaH,,,
yuaF,BSU31020,,,,,
yuaE,BSU31030,,,,,
yuaD,BSU31040,,,,,
gbsB,BSU31050,,,,,
gbsA,BSU31060,,,,,
gbsR,BSU31070,,yuaC,,,
bslA,BSU31080,,yuaB,,,
ktrA,BSU31090,,yuaA,,,
ktrB,BSU31100,,yubG,,,
yubF,BSU31110,,,,,
lytG,BSU31120,,yubE,,,
yubD,BSU31130,,,,,
cdoA,BSU31140,,yubC,,,
uppP,BSU31150,,bacA,upk,yubB,
yubA,BSU31160,,,,,
iolU,BSU31170,,yulF,,,
rhaA,BSU31180,,yulE,,,
rhaM,BSU31190,,yulD,,,
rhaB,BSU31200,,yulC,,,
yulB,BSU31210,,,,,
yuxG,BSU31220,,yulA,,,
tlpB,BSU31230,,,,,
mcpA,BSU31240,,,,,
tlpA,BSU31250,,,,,
mcpB,BSU31260,,,,,
tgl,BSU31270,,yugV,yuxF,,
yuzH,BSU31279,,,,,
yugU,BSU31280,,,,,
yugT,BSU31290,,,,,
yugS,BSU31300,,,,,
yugP,BSU31310,,,,,
yuzI,BSU31319,,,,,
mstX,BSU31321,,,,,
yugO,BSU31322,,,,,
yugN,BSU31330,,,,,
yugM,BSU31340,,,,,
pgi,BSU31350,,yugL,,,
yugK,BSU31360,,,,,
yugJ,BSU31370,,,,,
yuzA,BSU31380,,,,,
yugI,BSU31390,,,,,
yugH,BSU31400,,alaT,,,
yugG,BSU31410,,,,,
yugF,BSU31420,,,,,
yugE,BSU31430,,,,,
patB,BSU31440,,,,,
kinB,BSU31450,,,,,
kapB,BSU31460,,,,,
kapD,BSU31470,,yugB,,,
yuxJ,BSU31480,,yugC,,,
pbpD,BSU31490,,,,,
yuxK,BSU31500,,yugD,,,
yufK,BSU31510,,,,,
malK,BSU31520,,yufL,,,
malR,BSU31530,,yufM,,,
nupN,BSU31540,,yufN,,,
nupO,BSU31550,,yufO,,,
nupP,BSU31560,,yufP,,,
nupQ,BSU31570,,yufQ,,,
maeN,BSU31580,,yufR,,,
yufS,BSU31590,,,,,
mrpA,BSU31600,,ntrA,shaA,yufT,
mrpB,BSU31610,,yufU,,,
mrpC,BSU31620,,yufV,,,
mrpD,BSU31630,,yufD,,,
mrpE,BSU31640,,,,,
mrpF,BSU31650,,yufC,,,
mrpG,BSU31660,,yufB,,,
yuxO,BSU31670,,comA2,comAB,,
comA,BSU31680,,comA1,comAA,,
comP,BSU31690,,,,,
comX,BSU31700,,,,,
comQ,BSU31710,,,,,
degQ,BSU31720,,amyB,sacQ,,
yuzC,BSU31730,,,,,
yuxH,BSU31740,,yufA,,,
pncB,BSU31750,,yueK,,,
pncA,BSU31760,,yueJ,,,
yueI,BSU31770,,,,,
yueH,BSU31780,,,,,
yueG,BSU31790,,,,,
yueF,BSU31800,,,,,
yuzE,BSU31810,,,,,
yuzF,BSU31820,,,,,
yueE,BSU31830,,,,,
yueD,BSU31840,,,,,
yueC,BSU31850,,,,,
yueB,BSU31860,,,,,
yukB,BSU31875,,yukA,yukBA,,
yukC,BSU31890,,,,,
yukD,BSU31900,,,,,
yukE,BSU31910,,,,,
adeR,BSU31920,,yukF,,,
ald,BSU31930,,spoVN,,,
yukJ,BSU31945,,yukI,yuxI,,
ybdZ,BSU31959,,,,,
dhbF,BSU31960,,,,,
dhbB,BSU31970,,,,,
dhbE,BSU31980,,entE,,,
dhbC,BSU31990,,,,,
dhbA,BSU32000,,entA,,,
besA,BSU32010,,yuiI,,,
yuiH,BSU32020,,,,,
bioYB,BSU32030,,yuiG,,,
yuiF,BSU32040,,,,,
pepA,BSU32050,,yuiE,,,
yuiD,BSU32060,,,,,
yuiC,BSU32070,,,,,
yuiB,BSU32080,,,,,
yuiA,BSU32090,,yumA,,,
yumB,BSU32100,,,,,
yumC,BSU32110,,,,,
yuzG,BSU32120,,,,,
guaC,BSU32130,,yumD,,,
paiB,BSU32140,,yumE,,,
paiA,BSU32150,,,,,
sufA,BSU32160,,yutM,,,
dapF,BSU32170,,yutL,,,
yutK,BSU32180,,,,,
yuzB,BSU32190,,,,,
yutJ,BSU32200,,,,,
yuzD,BSU32210,,,,,
yutI,BSU32220,,,,,
yuxL,BSU32230,,,,,
thrB,BSU32240,,,,,
thrC,BSU32250,,,,,
hom,BSU32260,,tdm,,,
yutH,BSU32270,,,,,
yutG,BSU32280,,,,,
yutF,BSU32290,,,,,
yutE,BSU32300,,hepT,,,
yutD,BSU32310,,,,,
yutC,BSU32320,,,,,
lipA,BSU32330,,yutB,,,
lytH,BSU32340,,yunA,yutA,,
yunB,BSU32350,,,,,
yunC,BSU32360,,,,,
yunD,BSU32370,,,,,
yunE,BSU32380,,,,,
yunF,BSU32390,,,,,
yunG,BSU32400,,,,,
allB,BSU32410,,pucH,yunH,,
pucR,BSU32420,,yunI,,,
pucJ,BSU32430,,yunJ,,,
pucK,BSU32440,,yunK,,,
pucL,BSU32450,,yunL,,,
pucM,BSU32460,,yunM,,,
yuzJ,BSU32469,,,,,
pucE,BSU32470,,yurB,,,
pucD,BSU32480,,yurC,,,
pucC,BSU32490,,yurD,,,
pucB,BSU32500,,yurE,,,
pucA,BSU32510,,yurF,,,
pucG,BSU32520,,yurG,,,
pucF,BSU32530,,yurH,,,
bsn,BSU32540,,yurI,,,
yurJ,BSU32550,,,,,
yurK,BSU32560,,,,,
frlD,BSU32570,,yurL,,,
yurM,BSU32580,,,,,
yurN,BSU32590,,,,,
yurO,BSU32600,,,,,
frlB,BSU32610,,yurP,,,
yurQ,BSU32620,,,,,
yurR,BSU32630,,,,,
sspG,BSU32640,,,,,
yurS,BSU32650,,,,,
yurT,BSU32660,,,,,
yuzN,BSU32669,,,,,
sufB,BSU32670,,,,,
sufU,BSU32680,,iscU,nifU,yurV,
sufS,BSU32690,,csd,yurW,,
sufD,BSU32700,,yurX,,,
sufC,BSU32710,,yurY,,,
yuzK,BSU32719,,,,,
yurZ,BSU32720,,,,,
metQ,BSU32730,,yusA,,,
metP,BSU32740,,yusB,,,
metN,BSU32750,,yusC,,,
yusD,BSU32760,,,,,
yusE,BSU32770,,,,,
yusF,BSU32780,,,,,
yusG,BSU32790,,,,,
gcvH,BSU32800,,yusH,,,
yusI,BSU32810,,,,,
fadE,BSU32820,,yusJ,,,
fadA,BSU32830,,yusK,,,
fadN,BSU32840,,yusL,,,
yuzL,BSU32849,,,,,
fadM,BSU32850,,yusM,,,
yuzM,BSU32859,,,,,
yusN,BSU32860,,,,,
yusO,BSU32870,,,,,
yusP,BSU32880,,,,,
yusQ,BSU32890,,,,,
yusR,BSU32900,,,,,
yusS,BSU32910,,,,,
yusT,BSU32920,,,,,
yusU,BSU32930,,,,,
yusV,BSU32940,,,,,
yusW,BSU32950,,,,,
yusZ,BSU32980,,yvxA,,,
mrgA,BSU32990,,,,,
htrB,BSU33000,,yvtA,,,
cssR,BSU33010,,,,,
cssS,BSU33020,,yvqB,,,
spxO,BSU33029,,yirB,yuzO,,
yuxN,BSU33030,,,,,
fumC,BSU33040,,citG,,,
yvzF,BSU33049,,,,,
gerAA,BSU33050,,gerA1,,,
gerAB,BSU33060,,gerA2,,,
gerAC,BSU33070,,gerA3,,,
liaR,BSU33080,,yvqC,,,
liaS,BSU33090,,yvqE,,,
liaF,BSU33100,,yvqF,,,
liaG,BSU33110,,yvqG,,,
liaH,BSU33120,,yvqH,,,
liaI,BSU33130,,yvqI,,,
yvqJ,BSU33140,,,,,
yvqK,BSU33150,,,,,
yvrA,BSU33160,,,,,
yvrB,BSU33170,,,,,
yvrC,BSU33180,,,,,
yvrD,BSU33190,,,,,
yvrE,BSU33200,,,,,
yvrG,BSU33210,,,,,
yvrH,BSU33220,,yvrHb,,,
rsoA,BSU33222,,yvrHa,,,
sigO,BSU33230,,yvrI,,,
yvrJ,BSU33239,,,,,
oxdC,BSU33240,,yvrK,,,
yvrL,BSU33250,,,,,
yvrN,BSU33260,,yvrM,yziB,,
yvrO,BSU33270,,,,,
yvrP,BSU33280,,,,,
fhuC,BSU33290,,,,,
fhuG,BSU33300,,,,,
fhuB,BSU33310,,,,,
fhuD,BSU33320,,,,,
yvsH,BSU33330,,,,,
sspJ,BSU33340,,,,,
yvsG,BSU33350,,,,,
yvgJ,BSU33360,,,,,
yvgK,BSU33370,,yvsE,,,
yvgL,BSU33380,,yvsD,,,
yvgM,BSU33390,,,,,
yvgN,BSU33400,,,,,
yvgO,BSU33410,,,,,
nhaK,BSU33420,,yvgP,,,
cysI,BSU33430,,yvgQ,,,
cysJ,BSU33440,,yvgR,,,
helD,BSU33450,,yvgS,,,
yvgT,BSU33460,,,,,
bdbC,BSU33470,,yvgU,,,
bdbD,BSU33480,,yvgV,,,
cadA,BSU33490,,yvgW,,,
copA,BSU33500,,yvgX,,,
copZ,BSU33510,,yvgY,,,
csoR,BSU33520,,yvgZ,,,
iolW,BSU33530,,yvaA,,,
azoR2,BSU33540,,yvaB,,,
yvaC,BSU33550,,,,,
yvaD,BSU33560,,,,,
yvaE,BSU33570,,,,,
yvaF,BSU33580,,,,,
yvaG,BSU33590,,,,,
smpB,BSU33600,,yvaI,,,
rnr,BSU33610,,vacB,yvaJ,,
est,BSU33620,,yvaK,,,
secG,BSU33630,,yvaL,,,
yvaM,BSU33640,,,,,
yvzC,BSU33650,,,,,
rghR,BSU33660,,rghRA,yvaN,,
rghRB,BSU33670,,yvaO,,,
yvaP,BSU33680,,,,,
yvaQ,BSU33690,,,,,
opuBD,BSU33700,,proZ,,,
opuBC,BSU33710,,proX,,,
opuBB,BSU33720,,proW,,,
opuBA,BSU33730,,proV,,,
yvaV,BSU33740,,,,,
sdpA,BSU33750,,yvaW,,,
sdpB,BSU33760,,yvaX,,,
sdpC,BSU33770,,yvaY,,,
sdpI,BSU33780,,yvaZ,,,
sdpR,BSU33790,,yvbA,,,
opuCD,BSU33800,,yvbB,,,
opuCC,BSU33810,,yvbC,,,
opuCB,BSU33820,,yvbD,,,
opuCA,BSU33830,,yvbE,,,
opcR,BSU33840,,yvbF,,,
yvbG,BSU33850,,,,,
yvbH,BSU33860,,,,,
yvbI,BSU33870,,,,,
yvbJ,BSU33880,,,,,
yvbK,BSU33890,,,,,
eno,BSU33900,,,,,
gpmI,BSU33910,,pgm,,,
tpiA,BSU33920,,tpi,,,
pgk,BSU33930,,,,,
gapA,BSU33940,,gap,,,
cggR,BSU33950,,yvbQ,,,
araE,BSU33960,,yvbR,,,
araR,BSU33970,,araC,yvbS,,
yvbT,BSU33980,,,,,
yvbU,BSU33990,,,,,
yvbV,BSU34000,,,,,
yvbW,BSU34010,,,,,
yvbX,BSU34020,,,,,
lutC,BSU34030,,yvbY,,,
lutB,BSU34040,,yvfW,,,
lutA,BSU34050,,yvfV,,,
yvfU,BSU34060,,,,,
yvfT,BSU34070,,,,,
yvfS,BSU34080,,,,,
yvfR,BSU34090,,,,,
rsbQ,BSU34100,,yvfQ,,,
rsbP,BSU34110,,yvfP,,,
ganB,BSU34120,,galA,yvfO,,
ganA,BSU34130,,galO,lacA,yvfN,
ganQ,BSU34140,,yvfM,,,
ganP,BSU34150,,yvfL,,,
ganS,BSU34160,,cycB,yvfK,,
ganR,BSU34170,,lacR,yvfJ,,
lutR,BSU34180,,yvfI,,,
lutP,BSU34190,,yvfH,,,
sigL,BSU34200,,,,,
yvfG,BSU34210,,,,,
epsO,BSU34220,,yvfF,,,
epsN,BSU34230,,yvfE,,,
epsM,BSU34240,,yvfD,,,
epsL,BSU34250,,yvfC,,,
epsK,BSU34265,,yvfA,yvfB,,
epsJ,BSU34280,,yveT,,,
epsI,BSU34290,,yveS,,,
epsH,BSU34300,,yveR,,,
epsG,BSU34310,,yveQ,,,
epsF,BSU34320,,yveP,,,
epsE,BSU34330,,yveO,,,
epsD,BSU34340,,yveN,,,
epsC,BSU34350,,yveM,,,
yveL,BSU34360,,,,,
yveK,BSU34370,,,,,
slrR,BSU34380,,slryveJ,,,
pnbA,BSU34390,,estB,,,
padC,BSU34400,,padyveH,,,
yveG,BSU34410,,,,,
yveF,BSU34420,,,,,
racX,BSU34430,,,,,
pbpE,BSU34440,,,,,
sacB,BSU34450,,,,,
levB,BSU34460,,yveB,,,
yveA,BSU34470,,,,,
yvdT,BSU34480,,,,,
yvdS,BSU34490,,,,,
yvdR,BSU34500,,,,,
yvdQ,BSU34510,,,,,
yvdP,BSU34520,,,,,
cotR,BSU34530,,yvdO,,,
clpP,BSU34540,,yvdN,,,
yvdM,BSU34550,,,,,
malL,BSU34560,,yvdL,,,
mdxK,BSU34570,,malK,yvdK,,
yvdJ,BSU34580,,,,,
mdxG,BSU34590,,yvdI,,,
mdxF,BSU34600,,yvdH,,,
mdxE,BSU34610,,yvdG,,,
bbmA,BSU34620,,yvdF,,,
yvdE,BSU34630,,,,,
yvdD,BSU34640,,,,,
yvdC,BSU34650,,,,,
yvdB,BSU34660,,,,,
yvdA,BSU34670,,,,,
yvcT,BSU34680,,,,,
yvcS,BSU34690,,,,,
yvcR,BSU34700,,,,,
yvcQ,BSU34710,,,,,
yvcP,BSU34720,,,,,
yvzJ,BSU34729,,,,,
yvcN,BSU34730,,,,,
crh,BSU34740,,yvcM,,,
whiA,BSU34750,,yvcL,,,
mgfK,BSU34760,,yvcK,,,
yvcJ,BSU34770,,,,,
yvcI,BSU34780,,,,,
trxB,BSU34790,,yvcH,,,
cwlO,BSU34800,,yvcE,yzkA,,
yvcD,BSU34810,,,,,
bmrA,BSU34820,,yvcC,,,
yvzA,BSU34830,,,,,
yvcB,BSU34840,,yvrB,,,
yvcA,BSU34850,,yvrA,,,
hisI,BSU34860,,hisIE,,,
hisF,BSU34870,,,,,
hisA,BSU34880,,,,,
hisH,BSU34890,,,,,
hisB,BSU34900,,,,,
hisD,BSU34910,,,,,
hisG,BSU34920,,,,,
hisZ,BSU34930,,,,,
yvpB,BSU34940,,,,,
pelC,BSU34950,,yvpA,,,
yvoF,BSU34960,,,,,
ppaX,BSU34970,,hprP,ptsL,yvoE,
yvoD,BSU34980,,,,,
lgt,BSU34990,,gerF,,,
hprK,BSU35000,,ptsK,yvoB,,
nagA,BSU35010,,,,,
nagB,BSU35020,,,,,
nagR,BSU35030,,yvoA,,,
yvnB,BSU35040,,,,,
yvnA,BSU35050,,,,,
cypX,BSU35060,,cyp134,cypB,,
yvmC,BSU35070,,,,,
pchR,BSU35080,,yvmB,yzhA,,
yvmA,BSU35090,,,,,
yvlD,BSU35100,,,,,
yvlC,BSU35110,,,,,
yvlB,BSU35120,,,,,
yvlA,BSU35130,,,,,
yvkN,BSU35140,,,,,
yvzB,BSU35150,,,,,
uvrA,BSU35160,,,,,
uvrB,BSU35170,,dinA,uvr,,
csbA,BSU35180,,,,,
yvkC,BSU35190,,,,,
yvkB,BSU35200,,,,,
yvkA,BSU35210,,,,,
minJ,BSU35220,,swrAB,yvjD,,
swrAA,BSU35230,,swrA,,,
ctpB,BSU35240,,yvjB,,,
ftsX,BSU35250,,,,,
ftsE,BSU35260,,,,,
cccB,BSU35270,,,,,
yvjA,BSU35280,,,,,
prfB,BSU35290,,,,,
secA,BSU35300,,div+,,,
yvyD,BSU35310,,hpf,yviI,,
yvzG,BSU35319,,,,,
fliT,BSU35320,,,,,
fliS,BSU35330,,,,,
fliD,BSU35340,,mrgB,,,
yvyC,BSU35350,,yviH,,,
hag,BSU35360,,,,,
csrA,BSU35370,,sow,yviG,,
fliW,BSU35380,,yviF,,,
yviE,BSU35390,,,,,
flgL,BSU35400,,yviD,,,
flgK,BSU35410,,,,,
yvyG,BSU35420,,yviC,,,
flgM,BSU35430,,,,,
yvyF,BSU35440,,yviB,,,
comFC,BSU35450,,comF3,,,
comFB,BSU35460,,comF2,,,
comFA,BSU35470,,comF1,,,
degV,BSU35480,,yviA,,,
degU,BSU35490,,iep,,,
degS,BSU35500,,sacU,,,
yvyE,BSU35510,,yvhK,,,
tagV,BSU35520,,yvhJ,,,
tagO,BSU35530,,yvhI,,,
tuaH,BSU35540,,yvhH,,,
tuaG,BSU35550,,yvhG,,,
tuaF,BSU35560,,yvhF,,,
tuaE,BSU35570,,yvhE,,,
tuaD,BSU35580,,yvhD,,,
tuaC,BSU35590,,yvhC,,,
tuaB,BSU35600,,yvhB,,,
tuaA,BSU35610,,yvhA,,,
lytC,BSU35620,,cwlB,,,
lytB,BSU35630,,cwbA,,,
lytA,BSU35640,,lppX,,,
tagU,BSU35650,,lytR,,,
mnaA,BSU35660,,,,,
gtaB,BSU35670,,,,,
ggaB,BSU35680,,,,,
ggaA,BSU35690,,,,,
tagH,BSU35700,,,,,
tagG,BSU35710,,,,,
tagF,BSU35720,,rodC,tag3,,
tagE,BSU35730,,gtaA,rodD,,
tagD,BSU35740,,,,,
tagA,BSU35750,,,,,
tagB,BSU35760,,,,,
tagC,BSU35770,,dinC,,,
lytD,BSU35780,,cwlG,,,
yvyI,BSU35790,,pmi,,,
gerBA,BSU35800,,,,,
gerBB,BSU35810,,,,,
gerBC,BSU35820,,,,,
ywtG,BSU35830,,,,,
tagT,BSU35840,,ywtF,,,
ywtE,BSU35850,,,,,
pgdS,BSU35860,,ywtD,,,
ywtC,BSU35870,,,,,
capA,BSU35880,,pgsA,ywtB,,
capC,BSU35890,,pgsC,ywtA,,
capB,BSU35900,,pgsB,ywsC,,
rbsR,BSU35910,,,,,
rbsK,BSU35920,,,,,
rbsD,BSU35930,,,,,
rbsA,BSU35940,,,,,
rbsC,BSU35950,,,,,
rbsB,BSU35960,,,,,
ywsB,BSU35970,,,,,
ywsA,BSU35980,,,,,
ywrO,BSU35990,,,,,
alsD,BSU36000,,,,,
alsS,BSU36010,,,,,
alsR,BSU36020,,,,,
ywrK,BSU36030,,,,,
ywrJ,BSU36040,,,,,
cotB,BSU36050,,,,,
cotH,BSU36060,,ywrH,,,
cotG,BSU36070,,,,,
ywrF,BSU36080,,,,,
ywrE,BSU36090,,,,,
ywrD,BSU36100,,,,,
ywrC,BSU36110,,,,,
ywrB,BSU36120,,,,,
ywrA,BSU36130,,,,,
ywqO,BSU36140,,,,,
ywqN,BSU36150,,,,,
ywqM,BSU36160,,,,,
nfi,BSU36170,,ywqL,,,
ywqK,BSU36180,,,,,
ywqJ,BSU36190,,,,,
ywqI,BSU36200,,,,,
ywqH,BSU36210,,,,,
ywqG,BSU36220,,,,,
ywqF,BSU36230,,,,,
ywqE,BSU36240,,,,,
ywqD,BSU36250,,,,,
ywqC,BSU36260,,,,,
ywzD,BSU36269,,,,,
ywqB,BSU36270,,,,,
ywqA,BSU36280,,,,,
ywpJ,BSU36290,,,,,
glcR,BSU36300,,ywpI,,,
ssbB,BSU36310,,ywpH,,,
ywpG,BSU36320,,,,,
ywpF,BSU36330,,,,,
ywpE,BSU36340,,,,,
ywpD,BSU36350,,,,,
mscL,BSU36360,,ywpC,,,
fabZ,BSU36370,,ywpB,,,
rapD,BSU36380,,ywpA,,,
flhP,BSU36390,,yvyB,,,
flhO,BSU36400,,yvyA,,,
mbl,BSU36410,,,,,
spoIIID,BSU36420,,,,,
usd,BSU36430,,,,,
ywoH,BSU36440,,,,,
ywoG,BSU36450,,,,,
ywoF,BSU36460,,,,,
pucI,BSU36470,,ywoE,,,
ywoD,BSU36480,,,,,
ywoC,BSU36490,,,,,
ywoB,BSU36500,,,,,
nrgA,BSU36510,,amtB,,,
nrgB,BSU36520,,,,,
bcrC,BSU36530,,ywoA,,,
ywnJ,BSU36540,,,,,
spoIIQ,BSU36550,,ywnI,,,
ywnH,BSU36560,,,,,
ywnG,BSU36570,,,,,
ywnF,BSU36580,,,,,
clsA,BSU36590,,ywnE,,,
mta,BSU36600,,ywnD,,,
ywnC,BSU36610,,,,,
ywnB,BSU36620,,,,,
ywnA,BSU36630,,,,,
ureC,BSU36640,,,,,
ureB,BSU36650,,,,,
ureA,BSU36660,,,,,
csbD,BSU36670,,ywmG,,,
ywmF,BSU36680,,,,,
rapB,BSU36690,,spo0P,ywmE,,
moaA,BSU36700,,narA,narAB,,
fdhD,BSU36710,,narAA,narQ,,
ywmE,BSU36720,,,,,
ywmD,BSU36730,,,,,
ywmC,BSU36740,,,,,
spoIID,BSU36750,,spoIIC,,,
murAA,BSU36760,,murA,,,
ywmB,BSU36770,,,,,
ywzB,BSU36780,,,,,
ywmA,BSU36790,,,,,
atpC,BSU36800,,,,,
atpD,BSU36810,,,,,
atpG,BSU36820,,,,,
atpA,BSU36830,,,,,
atpH,BSU36840,,,,,
atpF,BSU36850,,,,,
atpE,BSU36860,,,,,
atpB,BSU36870,,,,,
atpI,BSU36880,,,,,
upp,BSU36890,,,,,
glyA,BSU36900,,glyC,,,
ywlG,BSU36910,,,,,
ywlF,BSU36920,,,,,
ywlE,BSU36930,,,,,
mntP,BSU36940,,ywlD,,,
ywlC,BSU36950,,,,,
ywlB,BSU36960,,,,,
spoIIR,BSU36970,,,,,
ywlA,BSU36980,,,,,
ywkF,BSU36990,,,,,
prmC,BSU37000,,ywkE,,,
prfA,BSU37010,,,,,
ywkD,BSU37020,,,,,
racA,BSU37030,,ywkC,,,
ywkB,BSU37040,,,,,
maeA,BSU37050,,,,,
tdk,BSU37060,,,,,
rpmE,BSU37070,,,,,
rho,BSU37080,,,,,
glpX,BSU37090,,ywjI,,,
murAB,BSU37100,,murA,murZ,,
tal,BSU37110,,ywjH,,,
fbaA,BSU37120,,fba,fba1,tsr,
spo0F,BSU37130,,,,,
ywjG,BSU37140,,,,,
pyrG,BSU37150,,ctrA,,,
rpoE,BSU37160,,,,,
acdA,BSU37170,,acd,,,
fadF,BSU37180,,ywjF,,,
clsB,BSU37190,,ywjE,,,
uvsE,BSU37200,,ywjD,,,
ywjC,BSU37210,,,,,
ywjB,BSU37220,,,,,
ywjA,BSU37230,,,,,
ywiE,BSU37240,,,,,
narI,BSU37250,,,,,
narJ,BSU37260,,,,,
narH,BSU37270,,,,,
narG,BSU37280,,,,,
arfM,BSU37290,,,,,
ywiC,BSU37300,,,,,
fnr,BSU37310,,,,,
narK,BSU37320,,,,,
argS,BSU37330,,,,,
ywiB,BSU37340,,,,,
sboA,BSU37350,,sbo,,,
sboX,BSU37360,,,,,
albA,BSU37370,,ywiA,,,
albB,BSU37380,,ywhR,,,
albC,BSU37390,,ywhQ,,,
albD,BSU37400,,ywhP,,,
albE,BSU37410,,ywhO,,,
albF,BSU37420,,ywhN,,,
albG,BSU37430,,ywhM,,,
ywhL,BSU37440,,,,,
ywhK,BSU37450,,,,,
rapF,BSU37460,,ywhJ,,,
phrF,BSU37470,,ywhI,,,
ywhH,BSU37480,,,,,
speB,BSU37490,,ywhG,,,
speE,BSU37500,,ywhF,,,
pbpG,BSU37510,,ywhE,,,
ywhD,BSU37520,,,,,
ywhC,BSU37530,,,,,
ywhB,BSU37540,,,,,
ywhA,BSU37550,,,,,
thrZ,BSU37560,,thrS2,,,
mmr,BSU37570,,,,,
ywgB,BSU37580,,,,,
ywgA,BSU37590,,,,,
ywfO,BSU37600,,,,,
ywzC,BSU37610,,,,,
rsfA,BSU37620,,ywfN,,,
ywfM,BSU37630,,,,,
lipL,BSU37640,,ywfL,,,
cysL,BSU37650,,ywfK,,,
pta,BSU37660,,ywfJ,,,
chdC,BSU37670,,hemQ,ywfI,,
bacG,BSU37680,,ywfH,,,
bacF,BSU37690,,ywfG,,,
bacE,BSU37700,,ywfF,,,
bacD,BSU37710,,ywfE,,,
bacC,BSU37720,,ywfD,,,
bacB,BSU37730,,ywfC,,,
bacA,BSU37740,,ywfB,,,
ywfA,BSU37750,,,,,
rocC,BSU37760,,,,,
rocB,BSU37770,,,,,
rocA,BSU37780,,,,,
rocG,BSU37790,,gudA,yweB,,
bslB,BSU37800,,yweA,,,
spsL,BSU37810,,,,,
spsK,BSU37820,,,,,
rfbB,BSU37830,,spsJ,,,
rmlA,BSU37840,,spsI,,,
spsG,BSU37850,,spsH,,,
spsF,BSU37860,,,,,
spsE,BSU37870,,,,,
spsD,BSU37880,,,,,
spsC,BSU37890,,,,,
spsB,BSU37900,,,,,
spsA,BSU37910,,,,,
gerQ,BSU37920,,ywdL,,,
ywdK,BSU37930,,,,,
ywdJ,BSU37940,,,,,
ywdI,BSU37950,,,,,
ywdH,BSU37960,,,,,
ung,BSU37970,,ywdG,,,
ywdF,BSU37980,,,,,
ywdE,BSU37990,,,,,
ywdD,BSU38000,,,,,
ywzG,BSU38018,,,,,
pdxK,BSU38020,,ywdB,,,
ywdA,BSU38030,,,,,
sacA,BSU38040,,,,,
sacP,BSU38050,,,,,
ywcJ,BSU38060,,,,,
sacT,BSU38070,,,,,
ywcI,BSU38080,,,,,
vpr,BSU38090,,,,,
ywcH,BSU38100,,,,,
nfrA1,BSU38110,,nfrA,ywcG,,
rodA,BSU38120,,ywcF,,,
ywcE,BSU38130,,,,,
qoxD,BSU38140,,,,,
qoxC,BSU38150,,,,,
qoxB,BSU38160,,,,,
qoxA,BSU38170,,,,,
ywzA,BSU38180,,,,,
galT,BSU38190,,,,,
galK,BSU38200,,,,,
ywcD,BSU38210,,,,,
ywcC,BSU38220,,,,,
slrA,BSU38229,,,,,
ywcB,BSU38230,,,,,
ywcA,BSU38240,,,,,
ywbO,BSU38250,,,,,
efeN,BSU38260,,ywbN,,,
efeM,BSU38270,,ywbM,,,
efeU,BSU38280,,ywbL,,,
thiE,BSU38290,,thiC,ywbK,,
thiM,BSU38300,,thiK,ywbJ,,
ywbI,BSU38310,,,,,
cidA,BSU38320,,ywbH,,,
ywbG,BSU38330,,,,,
ywbF,BSU38340,,,,,
ywbE,BSU38350,,,,,
ywbD,BSU38360,,,,,
ywbC,BSU38370,,,,,
ywbB,BSU38380,,,,,
ywbA,BSU38390,,,,,
epr,BSU38400,,,,,
sacX,BSU38410,,sacS,,,
sacY,BSU38420,,sacS,,,
gspA,BSU38430,,ywaG,,,
ywaF,BSU38440,,,,,
ywaE,BSU38450,,,,,
tyrS2,BSU38460,,tyrR,tyrS1,tyrT,tyrZ
ywaD,BSU38470,,,,,
ywaC,BSU38480,,,,,
menA,BSU38490,,ywaB,,,
ywzH,BSU38499,,,,,
dltA,BSU38500,,dae,,,
dltB,BSU38510,,,,,
dltC,BSU38520,,,,,
dltD,BSU38530,,,,,
dltE,BSU38540,,,,,
ilvK,BSU38550,,ywaA,,,
licH,BSU38560,,celD,celF,,
licA,BSU38570,,celC,,,
licC,BSU38580,,celB,,,
licB,BSU38590,,celA,,,
licR,BSU38600,,celR,,,
yxzF,BSU38610,,,,,
yxlJ,BSU38620,,,,,
katX,BSU38630,,yxlI,,,
yxlH,BSU38640,,,,,
yxlG,BSU38650,,,,,
yxlF,BSU38660,,,,,
yxlE,BSU38670,,,,,
yxlD,BSU38680,,,,,
yxlC,BSU38690,,,,,
sigY,BSU38700,,yxlB,,,
yxlA,BSU38710,,,,,
nnrD,BSU38720,,yxkO,,,
cydD,BSU38730,,yxkN,,,
cydC,BSU38740,,yxkM,,,
cydB,BSU38750,,yxkL,,,
cydA,BSU38760,,yxkK,,,
cimH,BSU38770,,yxkJ,,,
yxkI,BSU38780,,,,,
yxzE,BSU38790,,,,,
yxkH,BSU38800,,,,,
msmX,BSU38810,,yxkG,,,
yxkF,BSU38820,,,,,
aldY,BSU38830,,yxkE,,,
yxkD,BSU38840,,,,,
yxkC,BSU38850,,,,,
galE,BSU38860,,,,,
yxkA,BSU38870,,,,,
yxjO,BSU38880,,,,,
yxjN,BSU38890,,,,,
yxjM,BSU38900,,,,,
yxjL,BSU38910,,,,,
pepT,BSU38920,,,,,
yxjJ,BSU38930,,,,,
yxjI,BSU38940,,,,,
yxjH,BSU38950,,,,,
yxjG,BSU38960,,,,,
yxjF,BSU38970,,,,,
scoB,BSU38980,,yxjE,,,
scoA,BSU38990,,yxjD,,,
yxjC,BSU39000,,,,,
yxjB,BSU39010,,,,,
nupG,BSU39020,,yxjA,,,
yxiT,BSU39030,,,,,
yxiS,BSU39040,,,,,
katE,BSU39050,,katB,,,
citN,BSU39060,,citH,yxiQ,,
bglS,BSU39070,,bgl,licS,,
licT,BSU39080,,,,,
yxiP,BSU39090,,S3B,,,
yxiO,BSU39100,,S3AR,,,
dbpA,BSU39110,,deaD,yxiN,,
yxiM,BSU39120,,,,,
yxzJ,BSU39139,,,,,
yxiK,BSU39140,,,,,
yxiJ,BSU39150,,,,,
yxiI,BSU39160,,,,,
yxzG,BSU39170,,,,,
yxiH,BSU39180,,,,,
yxiG,BSU39190,,,,,
yxzC,BSU39200,,,,,
yxiF,BSU39210,,,,,
wapI,BSU39220,,yxxG,,,
wapA,BSU39230,,,,,
yxxF,BSU39240,,,,,
yxiE,BSU39250,,,,,
bglH,BSU39260,,,,,
bglP,BSU39270,,,,,
yxxE,BSU39280,,,,,
yxxD,BSU39290,,,,,
yxiD,BSU39300,,J3D,,,
yxiC,BSU39310,,J3C,,,
yxiB,BSU39320,,J3B,,,
abn2,BSU39330,,J3A,yxiA,,
yxzL,BSU39339,,,,,
hutP,BSU39340,,,,,
hutH,BSU39350,,,,,
hutU,BSU39360,,,,,
hutI,BSU39370,,,,,
hutG,BSU39380,,,,,
hutM,BSU39390,,,,,
pdp,BSU39400,,,,,
nupC,BSU39410,,,,,
deoC,BSU39420,,dra,,,
deoR,BSU39430,,yxxC,,,
yxxB,BSU39440,,LP6B,,,
yxeR,BSU39450,,LP6A,,,
yxeQ,BSU39460,,,,,
scmP,BSU39470,,sndB,yxeP,,
yxeO,BSU39480,,,,,
yxeN,BSU39490,,,,,
yxeM,BSU39500,,,,,
scmL,BSU39510,,snaB,yxeL,,
scmK,BSU39520,,yxeK,,,
yxeJ,BSU39530,,,,,
yxeI,BSU39540,,,,,
yxeH,BSU39550,,IP1B,,,
yxeG,BSU39560,,IP1A,,,
yxeF,BSU39570,,,,,
yxeE,BSU39580,,,,,
yxeD,BSU39590,,,,,
yxeC,BSU39600,,,,,
yxeB,BSU39610,,,,,
yxeA,BSU39620,,,,,
yxdM,BSU39630,,,,,
yxdL,BSU39640,,,,,
yxdK,BSU39650,,,,,
yxdJ,BSU39660,,,,,
iolJ,BSU39670,,fbaB,yxdI,,
iolI,BSU39680,,yxdH,,,
iolH,BSU39690,,yxdG,,,
iolG,BSU39700,,idh,,,
iolF,BSU39710,,yxdF,,,
iolE,BSU39720,,yxdE,,,
iolD,BSU39730,,yxdD,,,
iolC,BSU39740,,yxdC,,,
iolB,BSU39750,,yxdB,,,
iolA,BSU39760,,mmsA,yxdA,,
iolR,BSU39770,,,,,
iolS,BSU39780,,yxbF,,,
yxcE,BSU39790,,,,,
yxcD,BSU39800,,,,,
csbC,BSU39810,,yxcC,,,
htpG,BSU39820,,yxbB,,,
yxcA,BSU39830,,E3C,,,
yxbG,BSU39840,,E3BR,yxaU,,
yxbF,BSU39850,,E3A,yxaT,,
aldX,BSU39860,,yxaS,yxbE,,
yxbD,BSU39870,,yxaR,,,
yxbC,BSU39880,,yxaQ,,,
yxbB,BSU39890,,yxaP,,,
yxbA,BSU39900,,yxaO,,,
yxnB,BSU39910,,,,,
asnH,BSU39920,,yxaN,,,
yxaM,BSU39930,,,,,
yxaL,BSU39940,,yxaK,,,
yxaJ,BSU39950,,,,,
yxaI,BSU39960,,,,,
yxaH,BSU39970,,,,,
qdoI,BSU39980,,yxaG,,,
yxaF,BSU39990,,,,,
yxnA,BSU40000,,,,,
yxaD,BSU40010,,,,,
yxaC,BSU40020,,,,,
yxzK,BSU40021,,,,,
yxaB,BSU40030,,,,,
glxK,BSU40040,,yxaA,,,
gntR,BSU40050,,,,,
gntK,BSU40060,,,,,
gntP,BSU40070,,,,,
gntZ,BSU40080,,,,,
ahpC,BSU40090,,,,,
ahpF,BSU40100,,ndh,,,
bglA,BSU40110,,,,,
yyzE,BSU40120,,,,,
yydK,BSU40130,,,,,
yyzN,BSU40139,,,,,
yydJ,BSU40140,,,,,
yydI,BSU40150,,,,,
yydH,BSU40160,,,,,
yydG,BSU40170,,,,,
yydF,BSU40180,,,,,
fbp,BSU40190,,yydE,,,
yydD,BSU40200,,,,,
yydC,BSU40210,,,,,
yydB,BSU40220,,,,,
rlmH,BSU40230,,yydA,,,
yyzF,BSU40239,,,,,
yycS,BSU40240,,,,,
yycR,BSU40250,,,,,
yyzG,BSU40259,,,,,
yycQ,BSU40260,,,,,
yycP,BSU40270,,,,,
yycO,BSU40280,,,,,
yycN,BSU40290,,,,,
rapG,BSU40300,,yycM,,,
phrG,BSU40310,,yycL,,,
rocF,BSU40320,,,,,
rocE,BSU40330,,,,,
rocD,BSU40340,,,,,
rocR,BSU40350,,,,,
yyxA,BSU40360,,yycK,,,
yycJ,BSU40370,,,,,
yycI,BSU40380,,,,,
yycH,BSU40390,,,,,
walK,BSU40400,,yycG,,,
walR,BSU40410,,yycF,,,
purA,BSU40420,,,,,
yycE,BSU40430,,,,,
dnaC,BSU40440,,,,,
yycD,BSU40450,,,,,
yyzB,BSU40460,,,,,
yycC,BSU40470,,,,,
yycB,BSU40480,,,,,
yycA,BSU40490,,,,,
rplI,BSU40500,,,,,
gdpP,BSU40510,,yybT,,,
yybS,BSU40520,,,,,
yyzH,BSU40529,,,,,
cotF,BSU40530,,,,,
yybR,BSU40540,,,,,
ppaC,BSU40550,,,,,
yybP,BSU40560,,,,,
yybO,BSU40570,,,,,
yybN,BSU40580,,,,,
yybM,BSU40590,,,,,
yybL,BSU40600,,,,,
yybK,BSU40610,,,,,
yybJ,BSU40620,,,,,
yybI,BSU40630,,,,,
yybH,BSU40640,,,,,
yybG,BSU40650,,,,,
yybF,BSU40660,,,,,
yybE,BSU40670,,,,,
yybD,BSU40680,,,,,
yybC,BSU40690,,,,,
yybB,BSU40700,,,,,
yybA,BSU40710,,,,,
yyaT,BSU40720,,,,,
yyaS,BSU40730,,,,,
satA,BSU40740,,yyaR,,,
yyaQ,BSU40750,,,,,
yyaP,BSU40760,,,,,
tetB,BSU40770,,tet,,,
tetL,BSU40780,,,,,
yyaO,BSU40790,,,,,
yyaN,BSU40800,,,,,
yyaM,BSU40810,,,,,
yyaL,BSU40820,,,,,
yyaK,BSU40830,,,,,
yyaJ,BSU40840,,,,,
maa,BSU40850,,yyaI,,,
yyaH,BSU40860,,,,,
ccpB,BSU40870,,yyaG,,,
exoA,BSU40880,,,,,
rpsR,BSU40890,,,,,
ssbA,BSU40900,,,,,
rpsF,BSU40910,,,,,
ychF,BSU40920,,engD,yyaF,,
yyaE,BSU40930,,,,,
yyzM,BSU40939,,,,,
yyaD,BSU40940,,,,,
yyaC,BSU40950,,,,,
spo0J,BSU40960,,,,,
soj,BSU40970,,orf253,,,
yyaB,BSU40980,,,,,
noc,BSU40990,,yyaA,,,
rsmG,BSU41000,,gidB,,,
mnmG,BSU41010,,gidA,,,
mnmE,BSU41020,,thdF,trmE,,
jag,BSU41030,,,,,
misCA,BSU41040,,spoIIIJ,,,
rnpA,BSU41050,,,,,
rpmH,BSU41060,,,,,
yrpDX,,,,,,
fbpA,,,,,,
yrzP,,,,,,
spoIISC,,,,,,
fbpC,,,,,,
ybbU,,,,,,
yzzP,,,,,,
lysCB,,,,,,
yjcB,,,,,,